lat,lon,name,capacity,region_id,station_id
35.693799,139.753281,A1-01.千代田区役所,8,1,00010001
35.701073,139.747525,A1-03.東京区政会館（メトロA5出口）,5,1,00010003
35.701347,139.746951,A1-04.東京区政会館（西側駐輪場）,7,1,00010004
35.699187,139.746348,A1-05.富士見出張所,5,1,00010005
35.699132,139.74462,A1-08.飯田橋サクラテラス（早稲田通り）,12,1,00010036
35.696449,139.750784,A1-10.ヒューリック九段ビル,6,1,00010138
35.695515,139.750213,A1-12.北の丸スクエア,7,1,00010265
35.697167,139.745629,A1-15.富士見みらい館,3,1,00010735
35.692605,139.755761,A1-17.雉子橋集積所,6,1,00001294
35.696202,139.752351,A1-18.東京区政会館別館(特別区研修所),4,1,00001061
35.694065,139.751801,A1-19.九段会館テラス,5,1,00001147
35.695762,139.761585,A2-01.神田駿河台下,56,1,00010008
35.698591,139.755113,A2-02.西神田公園（北側）,9,1,00010009
35.698338,139.754876,A2-03.西神田公園（西側）,8,1,00010010
35.691456,139.762228,A2-04.ちよだプラットフォームスクウェア,11,1,00010011
35.689665,139.764091,A2-05.神田橋公園,6,1,00010012
35.69919,139.75701,A2-06.東光電気工事 別館（屋内駐輪場）,8,1,00010028
35.700568,139.76013,A2-08.KDX御茶ノ水ビル,11,1,00010034
35.6931,139.7599,A2-09.テラススクエア,8,1,00010038
35.694532,139.760695,A2-12.神保町三井ビルディング,11,1,00010042
35.6927,139.759311,A2-14.興和一橋ビル,17,1,00010485
35.697255,139.763469,A2-16.NTT駿河台ビル,7,1,00010664
35.692396,139.75639,A2-17.竹橋ビル,10,1,00010716
35.698654,139.759762,A2-18.猿楽町SSビル東,6,1,00010835
35.698641,139.759306,A2-19.猿楽町SSビル西,6,1,00010836
35.693408,139.762809,A2-20.神田スクエア,19,1,00010900
35.694578,139.754434,A2-21.神田神保町3丁目,8,1,00010935
35.696147,139.753709,A2-22.専修大学,8,1,00010634
35.696126,139.763297,A2-23.axle御茶ノ水,7,1,00010969
35.702271,139.752619,A2-24.水道橋駅西口前,6,1,00011016
35.698991,139.76091,A2-25.プラウド神田駿河台,13,1,00000168
35.690958,139.759876,A2-27.丸紅ビル,9,1,00000490
35.6915,139.75685,A2-28.NTTコミュニケーションズ一ツ橋ビル駐車場,11,1,00001082
35.692983,139.76773,A3-01.神田児童公園（西側交番横）,6,1,00010013
35.689575,139.767848,A3-02.絶滅メディア博物館（楓ビル）,7,1,00010014
35.697642,139.774867,A3-04.秋葉原公園,19,1,00010016
35.698817,139.778898,A3-05.和泉公園（西側入口）,7,1,00010017
35.696942,139.767302,A3-07.淡路公園,8,1,00010035
35.702029,139.768245,A3-08.神田明神（神田神社）,13,1,00010020
35.701978,139.7698,A3-10.芳林公園（北側）,7,1,00010021
35.703735,139.770629,A3-11.練成公園,11,1,00010022
35.70111,139.772855,A3-12.秋葉原UDX北側駐輪場前,16,1,00010032
35.700486,139.774254,A3-13.富士ソフトビル（駐車場入口横）,19,1,00010037
35.691069,139.775376,A3-16.地蔵橋東児童遊園,6,1,00010141
35.69703,139.779928,A3-18.美倉橋北児童遊園,10,1,00010143
35.694904,139.772712,A3-19.神田ふれあい通り第１,5,1,00010170
35.695005,139.772747,A3-20.神田ふれあい通り第２,2,1,00010171
35.695176000000004,139.772832,A3-21.神田ふれあい通り第３,14,1,00010172
35.693234,139.779702,A3-22.龍閑児童公園,8,1,00010173
35.69441,139.777715,A3-24.岩本町ほほえみプラザ,4,1,00010175
35.692862,139.770572,A3-25.神田駅北(神田警察通り),8,1,00010194
35.698986,139.774099,A3-27.秋葉原駅中央口（ヨドバシカメラ前）,11,1,00010302
35.699173,139.772629,A3-28.秋葉原駅電気街口(西側交通広場),5,1,00010303
35.694943,139.782718,A3-36.クロックカフェ東神田,7,1,00010562
35.695737,139.78162,A3-37.ポータル秋葉原,15,1,00010600
35.695163,139.769566,A3-38.パークホームズ千代田淡路町,5,1,00010645
35.694834,139.780333,A3-39.トーシン東神田ビル,4,1,00010672
35.698917,139.771856,A3-41.秋葉原ダイビル,7,1,00010874
35.692599,139.770109,A3-42.内神田3丁目,37,1,00010909
35.69474,139.77929,A3-43.unito CHIYODA,3,1,00010949
35.694679,139.779504,A3-44.THE WAVES AKIHABARA,4,1,00011026
35.691578,139.77138,A3-45.鍛冶町2丁目,19,1,00001335
35.695457,139.772972,A3-46.神田須田町2丁目,2,1,00001336
35.680514,139.764002,A4-01.丸ビル（南側駐輪場）,14,1,00010023
35.686847,139.765151,A4-02.東京サンケイビル,9,1,00010033
35.675843,139.763329,A4-03.東京国際フォーラム（メトロD5出口）,9,1,00010024
35.685938,139.764886,A4-05.大手町タワー,18,1,00010041
35.686037,139.764472,A4-06.大手町ファーストスクエア,10,1,00010148
35.684349,139.766958,A4-08.永代通り（大手町駅B2c出口前）,25,1,00010197
35.680753,139.762069,A4-11.二重橋前駅(メトロ4番出口),7,1,00010513
35.674274,139.759111,A4-12.東京ミッドタウン日比谷,6,1,00010530
35.68557,139.766929,A4-13.アーバンネット大手町ビル,7,1,00010851
35.675739,139.763712,A4-14.東京国際フォーラム（有楽町駅ガード側）,9,1,00000491
35.686389,139.769237,A4-15.TOKIWAブリッジ,10,1,00000631
35.673555,139.741293,A5-02.山王パークタワー,9,1,00010019
35.677763,139.74271,A5-03.参議院第二別館（永田町駅2番出口）,18,1,00010025
35.671514,139.753952,A5-04.日比谷パークフロント前　日比谷公園南面向い歩道上,12,1,00010553
35.670452,139.75557,A5-07.富国生命ビル,10,1,00010776
35.689879,139.740178,A6-01.東郷元帥記念公園（南側）,6,1,00010026
35.687031,139.739327,A6-02.いきいきプラザ一番町（西側駐輪場）,8,1,00010027
35.685966,139.736328,A6-07.二番町センタービル,2,1,00010043
35.685489,139.734562,A6-08.二番町ガーデン,8,1,00010044
35.682902,139.736494,A6-09.紀尾井町ビル（北側）,6,1,00010125
35.682516,139.736494,A6-10.紀尾井町ビル（西側）,12,1,00010126
35.67962,139.7364,A6-11.東京ガーデンテラス紀尾井町,25,1,00010039
35.689131,139.733071,A6-13.番町会館,6,1,00010426
35.690861,139.736393,A6-14.MG市ヶ谷ビルディング,3,1,00010571
35.688929,139.7358,A6-15.東急番町ビル,6,1,00010572
35.688351,139.744321,A6-16.一番町第二TGビル,4,1,00010601
35.680431,139.738203,A6-17.東京ガーデンテラス紀尾井町（プリンス通り側）,12,1,00010613
35.685578,139.732078,A6-19.番町麹町ビルディング,13,1,00010642
35.68369,139.736936,A6-20.紀尾井町PREX,7,1,00010768
35.684584,139.734442,A6-21.日本工営ビル,5,1,00010919
35.683433,139.740756,A6-22.半蔵門PREX South,15,1,00010906
35.689466,139.745316,A6-23.セブン-イレブン 千代田三番町店,4,1,00010922
35.682218,139.743292,A6-24.国立劇場,15,1,00010936
35.679192,139.74019,A6-25.麹町仮住宅,4,1,00011036
35.683378,139.743189,A6-26.相互半蔵門ビル,12,1,00001223
35.691058,139.777915,B1-01.十思公園,11,2,00010047
35.688405,139.770068,B1-03.常盤公園（北側）,12,2,00010049
35.694164,139.787057,B1-04.産業会館,17,2,00010050
35.687419,139.779053,B1-05.日本橋保健センター,8,2,00010051
35.687624,139.777125,B1-06.伊場仙ビル,5,2,00010052
35.688038,139.786561,B1-08.明治座,14,2,00010064
35.686101,139.776089,B1-09.スマイルホテル日本橋三越前,2,2,00010130
35.680833,139.784267,B1-10.箱崎川第二公園,10,2,00010137
35.684158,139.787649,B1-11.浜町川緑道,67,2,00010139
35.687786,139.78205,B1-12.ファミリーマート堀留町二丁目店,10,2,00010123
35.682332,139.78722,B1-15.ロイヤルパークホテル,9,2,00010226
35.683695,139.780043,B1-16.小網町児童遊園,12,2,00010316
35.681352,139.781436,B1-18.セブン-イレブン 日本橋小網町店,8,2,00010447
35.688301,139.768958,B1-20.竜閑さくら橋際街角広場,25,2,00010551
35.680861,139.774493,B1-21.日本橋二丁目街角広場,10,2,00010564
35.679616,139.784341,B1-23.NANAEI日本橋,8,2,00010828
35.68959,139.78168,B1-24.SOHO30,14,2,00000286
35.68802,139.78112,B1-26.intheHood 日本橋,6,2,00000565
35.68973,139.77598,B1-27.日本橋本町4丁目,75,2,00000712
35.684502,139.77906,B1-28.アイルイムーブル日本橋,10,2,00001083
35.67224,139.779348,B2-01.鉄砲洲児童公園（西側）,9,2,00010053
35.676393,139.768319,B2-02.柳通り（東京スクエアガーデン前）,15,2,00010054
35.673923,139.778671,B2-03.男女平等センター（ブーケ21）,11,2,00010055
35.676119,139.772895,B2-04.清水建設本社（都営地下鉄宝町駅 Ａ８出口）,20,2,00010056
35.670674,139.775993,B2-05.ＮＴＴ東日本築地ビル,3,2,00010057
35.680864,139.779331,B2-07.東京証券会館（北側）,5,2,00010066
35.681012,139.778569,B2-08.共同ビル（茅場町交差点前）,13,2,00010067
35.680203,139.778679,B2-09.茅場町一丁目平和ビル,12,2,00010068
35.675702,139.785229,B2-10.東京ダイヤビルディング（北側）,7,2,00010214
35.677576,139.769822,B2-11.京橋エドグラン,13,2,00010216
35.674835,139.785656,B2-12.東京ダイヤビルディング（東側）,19,2,00010539
35.68168,139.77825,B2-15.KABUTO ONE,24,2,00000384
35.67684,139.77876,B2-16.ホテルサードニクス東京,7,2,00000407
35.67518,139.77364,B2-17.アーバネックス八丁堀,2,2,00000480
35.678291,139.78157,B2-18.旭ビルディング,12,2,00000764
35.670855,139.772052,B3-01.中央区役所,6,2,00010045
35.670336,139.771911,B3-02.サンクンガーデン,6,2,00010058
35.664265,139.767426,B3-04.築地市場駅地下駐輪場,17,2,00010161
35.664457,139.767214,B3-06.朝日新聞東京本社,6,2,00010169
35.66523,139.776313,B3-09.築地永谷コーポラス,13,2,00010413
35.665254,139.769301,B3-12.築地場外市場,20,2,00010641
35.664871,139.767188,B3-13.国立がん研究センター,12,2,00010614
35.668845,139.765144,B3-15.ACホテル・バイ・マリオット東京銀座,11,2,00010442
35.666001,139.778102,B3-16.明石町区民館,9,2,00010952
35.66711,139.76643,B3-17.銀座6丁目-SQUARE,25,2,00011021
35.668395,139.769849,B3-18.銀座松竹スクエア,15,2,00000123
35.67363,139.77623,B3-19.本の森ちゅうおう,10,2,00001215
35.670106,139.768041,B3-20.歌舞伎座タワー駐輪場2F,11,2,00001434
35.6701,139.76801,B3-21.歌舞伎座タワー駐輪場3F,11,2,00001435
35.656071,139.780068,B4-01.黎明橋公園（駐輪場）,10,2,00010059
35.662197,139.782719,B4-02.月島特別出張所,40,2,00010046
35.658665,139.782553,B4-03.桜の散歩道（晴海トリトンスクエア前）,28,2,00010060
35.65443,139.77843,B4-04.ＫＤＸ晴海ビル,10,2,00010061
35.654165,139.781568,B4-05.ドコモ・バイクシェア晴海ポート,77,2,00010062
35.66291,139.782564,B4-06.月島駅地下駐輪場,45,2,00010157
35.658135,139.776131,B4-07.勝どき駅地下駐輪場,70,2,00010162
35.656449,139.771302,B4-08.東京ミッドベイ勝どき（西仲通り）,20,2,00010163
35.668795,139.784784,B4-10.リバーシティ,10,2,00010327
35.656565,139.775073,B4-11.ダンスキューブ勝どき,6,2,00010339
35.655497,139.774556,B4-12.THE TOKYO TOWERS,14,2,00010352
35.660526,139.776816,B4-14.Brillia ist Tower 勝どき,17,2,00010708
35.669188,139.785301,B4-15.リバーシティ　イーストタワーズ,11,2,00010764
35.653531,139.769431,B4-18.豊海センタービル,6,2,00010879
35.668044,139.785801,B4-19.コーシャタワー佃,7,2,00010934
35.663681,139.785651,B4-21.月島駅前第一駐輪場,45,2,00010978
35.65554,139.77102,B4-22.リビオレゾン勝どきNEX,10,2,00000161
35.653771,139.769295,B4-23.交通広場（豊海町）,12,2,00000237
35.66297,139.7833,B4-24.ミュプレ月島,8,2,00000635
35.668791,139.753582,C1-02.西新橋1丁目（外堀通り）,6,3,00010070
35.666527,139.748804,C1-04.虎ノ門ヒルズ,15,3,00010072
35.665593,139.752617,C1-05.西新橋2丁目（新虎通り）,14,3,00010073
35.662051,139.748132,C1-09.愛宕グリーンヒルズ,10,3,00010077
35.664461,139.756082,C1-14.新橋プラザビル,7,3,00010088
35.657847,139.745571,C1-15.東京タワー,20,3,00010087
35.659442,139.745549,C1-16.機械振興会館,6,3,00010089
35.657866,139.751068,C1-17.港区役所,6,3,00010075
35.657363,139.75918,C1-21.汐留ビルディング,11,3,00010140
35.648637,139.749834,C1-23.三田いきいきプラザ,5,3,00010145
35.653159,139.744673,C1-24.三田国際ビル,9,3,00010151
35.668547,139.747175,C1-27.虎ノ門2丁目タワー,14,3,00010192
35.664479,139.743731,C1-34.城山ガーデン,8,3,00010313
35.649032,139.750147,C1-35.セブン-イレブン 三田駅北店,5,3,00010353
35.665218,139.750827,C1-37.KDX西新橋ビル（北側）,5,3,00010428
35.66495,139.750459,C1-38.KDX西新橋ビル（西側）,5,3,00010429
35.658709,139.757036,C1-41.港区立エコプラザ,11,3,00010466
35.658169,139.752509,C1-43.KDX浜松町プレイス,10,3,00010577
35.64115,139.741471,C1-44.三田Avanti,6,3,00010596
35.656324,139.755927,C1-45.浜松町クレアタワー,20,3,00010607
35.665124,139.754054,C1-46.新虎通りCORE,17,3,00010608
35.641791,139.740734,C1-47.パークプレイス三田,9,3,00010620
35.655139,139.762812,C1-48.竹芝客船ターミナル,17,3,00010628
35.666213,139.760907,C1-49.汐留シティセンター,17,3,00010633
35.666075,139.748008,C1-50.NTT虎ノ門ビル,16,3,00010671
35.663843,139.757697,C1-51.環二新橋四丁目,12,3,00010720
35.652549,139.747789,C1-52.NTT三田ビル,6,3,00010718
35.661149,139.754612,C1-53.ホテルリブマックス新橋,4,3,00010731
35.664344,139.746662,C1-54.ニッセイ虎ノ門ビル,7,3,00010755
35.669267,139.756018,C1-55.アーバンネット内幸町ビル,20,3,00010837
35.654873,139.762103,C1-56.鈴与竹芝ビル,5,3,00010838
35.667259,139.745643,C1-57.虎ノ門ツインビルディング,12,3,00010868
35.655937,139.763251,C1-58.ウォーターズ竹芝,10,3,00010948
35.650845,139.748346,C1-59.セレスティン芝三井ビルディング,13,3,00010942
35.647659,139.745055,C1-60.専売ビル,6,3,00010944
35.653096,139.75739,C1-61.環三浜松町駅南,39,3,00010940
35.669941,139.749261,C1-64.東京虎ノ門グローバルスクエア,5,3,00010950
35.654757,139.761516,C1-65.東京ポートシティ竹芝,15,3,00010981
35.669228,139.751668,C1-67.京阪神 虎ノ門ビル,23,3,00011000
35.665214,139.757008,C1-68.桜田公園,30,3,00011034
35.662908,139.755014,C1-69.塩釜公園,5,3,00011035
35.65583,139.759896,C1-71.芝商業高校前交差点,6,3,00000194
35.646307,139.746428,C1-72.新田町ビル,11,3,00000196
35.669871,139.753147,C1-73.日比谷フォートタワー,14,3,00000283
35.645155,139.744543,C1-74.札の辻スクエア,8,3,00000704
35.665466,139.748014,C1-75.虎ノ門PFビル,8,3,00000765
35.656647,139.758301,C1-76.浜松町駅北口交通広場(ハマサイト前),18,3,00000760
35.65513,139.749645,C1-77.芝公園,19,3,00001279
35.66646,139.752138,C1-78.CIRCLES新橋,9,3,00001385
35.667107,139.739565,C2-01.アークヒルズ（アーク森ビル）,11,3,00010080
35.661158,139.728533,C2-02.六本木ヒルズ,13,3,00010082
35.666357,139.73923,C2-03.アークヒルズサウスタワー,13,3,00010081
35.656991,139.740739,C2-04.飯倉いきいきプラザ,4,3,00010131
35.651046,139.727745,C2-05.ありすいきいきプラザ,13,3,00010132
35.661673,139.721118,C2-08.ファミリーマート西麻布霞町店,14,3,00010124
35.660614,139.734771,C2-09.麻布地区総合支所,2,3,00010204
35.655865,139.730566,C2-10.元麻布三丁目,6,3,00010205
35.654726,139.737491,C2-11.一の橋,53,3,00010219
35.66249,139.741397,C2-12.六本木ファーストビル,15,3,00010252
35.651718,139.728165,C2-13.麻布運動場,8,3,00010351
35.653608,139.73138,C2-14.元麻布ヒルズ,10,3,00010356
35.664367,139.737185,C2-15.住友不動産六本木グランドタワー,10,3,00010357
35.657264,139.743821,C2-16.ザ・ベルグレイヴィア麻布,4,3,00010438
35.656769,139.743224,C2-18.ブランシェ東麻布,3,3,00010756
35.650732,139.72256,C2-19.広尾駅,7,3,00010800
35.66206,139.735501,C2-20.三井ガーデンホテル六本木プレミア,5,3,00010880
35.655649,139.74427,C2-22.飯倉公園,10,3,00000181
35.655135,139.744449,C2-24.intheHood 東麻布,6,3,00000548
35.661783,139.737242,C2-25.アパホテル＆リゾート＜六本木駅東＞,44,3,00001108
35.674788,139.731423,C3-02.赤坂地区総合支所,4,3,00010127
35.67064,139.728166,C3-06.ホテルアジア会館,10,3,00010152
35.672659,139.725644,C3-07.新青山ビル,5,3,00010153
35.671791999999996,139.733668,C3-08.赤坂パークビルヂング,6,3,00010154
35.670364,139.744684,C3-10.ファミリーマート特許庁前店,6,3,00010165
35.676566,139.737083,C3-11.赤坂見附南,3,3,00010195
35.676732,139.733905,C3-12.赤坂センタービルディング前（青山通り）,9,3,00010198
35.6738,139.731525,C3-16.赤坂ガーデンシティ,9,3,00010338
35.670308,139.743242,C3-17.セブン-イレブン 港区溜池山王店,19,3,00010375
35.678509,139.721207,C3-18.明治記念館,5,3,00010502
35.678179,139.720809,C3-19.明治記念館西,5,3,00010503
35.674929,139.736053,C3-22.OMO3東京赤坂 by 星野リゾート,8,3,00010552
35.669916,139.725701,C3-23.LIFORK 南青山 北エントランス,30,3,00010609
35.668419,139.724676,C3-24.SHARE GREEN 南青山 西エントランス,5,3,00010610
35.67011,139.733375,C3-26.ホテルリブマックス赤坂,6,3,00010719
35.669742,139.716025,C3-27.the ARGYLE aoyama,13,3,00010995
35.672477,139.739743,C3-28.ヒューリックＪＰ赤坂ビル,11,3,00011013
35.674094,139.728895,C3-29.高橋是清翁記念公園,7,3,00000309
35.672652,139.738908,C3-30.東京赤坂NKビル (ヴィアインプライム赤坂),9,3,00001062
35.670239,139.744285,C3-31.赤坂一丁目,17,3,00001081
35.667936,139.72745,C3-32.乃木公園,4,3,00001080
35.667462,139.716058,C3-33.PASONA SQUARE,14,3,00001224
35.668622,139.715957,C3-34.3rd MINAMI AOYAMA,6,3,00001386
35.667069,139.713423,C3-35.ワールド北青山ビル,9,3,00001525
35.641833,139.734519,C4-01.高輪地区総合支所(5F),11,3,00010210
35.63756,139.724981,C4-02.白金台いきいきプラザ,4,3,00010211
35.632128,139.732097,C4-04.ショパン高輪,5,3,00010444
35.638927,139.727083,C4-05.白金台駅自転車駐車場,15,3,00010540
35.644134,139.723432,C4-06.白金プラチナレジデンス,8,3,00010825
35.628265999999996,139.734171,C4-07.品川プリンスホテル,11,3,00010827
35.646375,139.740061,C4-09.ケーヨーデイツー三田店,6,3,00010947
35.642764,139.741174,C4-10.亀塚公園,10,3,00010989
35.64816,139.737991,C4-11.ザ・パークハウス 三田ガーデン,14,3,00000437
35.637765,139.739128,C4-13.コシダコネクトビル,14,3,00000706
35.643711,139.724753,C4-14.神応ほっとプラザ,10,3,00001505
35.629697,139.742167,C5-01.こうなん星の公園,65,3,00010078
35.628955,139.750731,C5-02.港南緑水公園,46,3,00010079
35.624966,139.746657,C5-03.港南公園C,26,3,00010085
35.646800999999996,139.751208,C5-04.みなとパーク芝浦,12,3,00010086
35.632303,139.742393,C5-06.品川シーズンテラス,21,3,00010135
35.632842,139.7495,C5-07.港区立港南図書館,11,3,00010150
35.637366,139.74844,C5-08.AQUACITY芝浦,12,3,00010155
35.643202,139.746244,C5-09.グランパーク,21,3,00010156
35.649959,139.756068,C5-10.シーバンス,15,3,00010166
35.631729,139.749767,C5-11.フェイバリッチタワー品川,17,3,00010177
35.633742,139.748281,C5-12.第2東運ビル,8,3,00010191
35.638245,139.749754,C5-13.区立芝浦西運河沿緑地,43,3,00010203
35.640481,139.753659,C5-14.セブン-イレブン 港区汐彩橋店,5,3,00010220
35.640215,139.755971,C5-15.セブン-イレブン 港区芝浦ふ頭店,5,3,00010221
35.626704,139.742174,C5-16.品川インターシティ,23,3,00010269
35.651103,139.759092,C5-17.鈴与浜松町ビル,10,3,00010305
35.634529,139.748378,C5-18.パークタワー品川ベイワード,20,3,00010319
35.645537,139.754899,C5-19.グランドメゾン田町,8,3,00010321
35.645254,139.754765,C5-20.ローソン芝浦二丁目店,4,3,00010330
35.642399,139.746992,C5-21.セブン-イレブン 芝浦3丁目店,6,3,00010355
35.647713,139.755534,C5-24.GLOBAL FRONT TOWER,15,3,00010480
35.639571,139.755551,C5-25.NEX-TEC芝浦,38,3,00010544
35.644155,139.756216,C5-26.ピアシティ芝浦ビル,14,3,00010555
35.648948,139.757895,C5-27.プレミア海岸ビル,21,3,00010576
35.643683,139.7506,C5-28.芝浦ルネサイトタワー,8,3,00010785
35.651672,139.760549,C5-29.Hi-NODE(ハイノード),8,3,00010833
35.647872,139.75391,C5-30.フェイム芝浦インターウェーブ,12,3,00010852
35.626267,139.771438,C5-31.ヒルトン東京お台場,13,3,00010865
35.627891,139.776896,C5-32.トレードピアお台場,7,3,00010878
35.645682,139.748768,C5-33.msb Tamachi,36,3,00010884
35.636644,139.751798,C5-34.五色橋ビル,4,3,00010920
35.62822,139.741135,C5-35.品川駅港南口,6,3,00010970
35.62974,139.778178,C5-36.お台場海浜公園駅,13,3,00010100
35.626388,139.772453,C5-37.台場駅,22,3,00010106
35.628743,139.773915,C5-38.お台場海浜公園乗船場,18,3,00010118
35.631021,139.778109,C5-39.お台場海浜公園東,15,3,00010119
35.64096,139.75754,C5-40.芝浦ふ頭駅前暫定自転車駐車場,5,3,00000350
35.639644,139.745532,C5-41.トヨタモビリティ東京 芝浦店,7,3,00000399
35.644241,139.753834,C5-42.DHC芝浦2丁目ビル,10,3,00000398
35.644798,139.752697,C5-43.オアーゼ芝浦MJビル,9,3,00000485
35.643105,139.753039,C5-44.ブランズタワー芝浦,9,3,00000519
35.644794,139.755688,C5-45.パークアクシス芝浦キャナル,9,3,00000549
35.630961,139.746875,C5-46.ウエリスアーバン品川タワー,11,3,00000707
35.62413,139.744831,C5-47.oak港南品川,25,3,00000972
35.636808,139.752517,C5-48.セブンイレブン港区海岸三丁目店,8,3,00001433
35.638912,139.747422,C5-49.プラウドタワー芝浦,9,3,00001481
35.633133,139.777315,C5-50.お台場レインボー公園,15,3,00001566
35.690612,139.711631,D1-01.花園西公園,4,5,00010178
35.687435,139.714169,D1-02.四谷特別出張所（新宿御苑大木戸門前）,18,5,00010179
35.684523,139.720519,D1-03.新左門児童遊園,8,5,00010180
35.683448,139.728425,D1-04.四谷見附公園,20,5,00010181
35.681754,139.715256,D1-06.四谷第六小学校北,10,5,00010336
35.689757,139.710091,D1-07.Belleビル,3,5,00010490
35.689984,139.725261,D1-08.新宿歴史博物館,5,5,00010514
35.691188,139.712079,D1-09.NTT四谷ビル,3,5,00010534
35.691888,139.724365,D1-10.曙橋駐輪場,16,5,00010625
35.679807,139.715931,D1-11.三井ガーデンホテル神宮外苑の杜プレミア,5,5,00010871
35.689017,139.714755,D1-12.ジェノヴィア新宿御苑グリーンヴェール,9,5,00010885
35.688945,139.706536,D1-13.新宿御苑新宿門【西側】,12,5,00000134
35.68752,139.72818,D1-14.コモレ四谷,6,5,00000153
35.68768,139.71937,D1-15.フロンティア四谷,9,5,00000856
35.690155,139.713377,D1-16.ルネ新宿御苑タワー,9,5,00001142
35.702286,139.741093,D2-01.あずさセンタービル,18,5,00010217
35.70057,139.74301,D2-06.飯田濠,15,5,00010304
35.70074,139.731363,D2-08.旧市ヶ谷商業高校,5,5,00010350
35.700993,139.736355,D2-09.セブン-イレブン 新宿岩戸町店,3,5,00010422
35.696242,139.735776,D2-10.市谷砂土原町3丁目,11,5,00010629
35.702833,139.739,D2-11.神楽坂アインスタワー,5,5,00010644
35.705774,139.743366,D2-12.ヴィアイン飯田橋後楽園,8,5,00010725
35.695645999999996,139.725722,D2-13.THE CENTER TOKYO,6,5,00010821
35.704201,139.735815,D2-14.ローソン 神楽坂駅北店,5,5,00010846
35.698728,139.733319,D2-15.ロードス神楽坂ホテル,7,5,00010914
35.690657,139.73255,D2-17.genten市ヶ谷店,10,5,00000492
35.712431,139.715418,D3-03.甘泉園公園,4,5,00010280
35.706182,139.723394,D3-04.鶴巻南公園,10,5,00010281
35.713872,139.698301,D3-06.セブン-イレブン高田馬場3丁目中央店,6,5,00010460
35.71429,139.70507,D3-07.戸塚特別出張所,7,5,00010478
35.712952,139.701356,D3-08.ホテルリブマックス高田馬場駅前,8,5,00010726
35.712545,139.713319,D3-09.西早稲田3丁目,3,5,00010787
35.712413,139.70168,D3-14.コーシャハイム高田馬場,6,5,00000318
35.711324,139.711976,D3-15.カースルいずみ,14,5,00000973
35.708734,139.730509,D3-16.セジョリ江戸川橋,15,5,00001048
35.695102,139.723345,D4-01.市谷仲之町,7,5,00010693
35.694927,139.731328,D4-02.JICA市ヶ谷ビル（地球ひろば／研究所）,7,5,00010697
35.695636,139.727882,D4-03.市谷加賀町2丁目,5,5,00010698
35.700033,139.71983,D4-04.ジェノヴィア新宿早稲田グリーンヴェール,6,5,00010845
35.700732,139.711472,D4-05.カスタリア新宿7丁目,6,5,00010895
35.697143,139.718739,D4-06.グリーンフォート河田,8,5,00010988
35.698512,139.716482,D4-07.新宿余丁町ビル,5,5,00000109
35.69617,139.722021,D4-09.トミンハイム仲之町,5,5,00000931
35.696585,139.713081,D4-10.東新宿ポート(余丁町6番),5,5,00001109
35.705244,139.70841,D5-01.新宿コズミックセンター,6,5,00010225
35.702288,139.68862,D5-03.北新宿公園,4,5,00010282
35.707388,139.700204,D5-04.西戸山公園野球場,7,5,00010283
35.705018,139.706841,D5-05.中央図書館,16,5,00010292
35.699252,139.697606,D5-07.セブン-イレブン 新宿大久保駅南口店,7,5,00010445
35.704597,139.708397,D5-08.ウエリス新宿早稲田の森,7,5,00010588
35.702277,139.701214,D5-09.ハウジングステージ新宿,16,5,00010766
35.705154,139.697562,D5-10.桜美林大学 新宿キャンパス,8,5,00010811
35.699312,139.696468,D5-11.NTTコミュニケーションズ新宿ビル,9,5,00010866
35.693602,139.703229,D6-01.新宿区役所本庁舎,50,5,00010184
35.693976,139.706134,D6-02.新宿区役所第二分庁舎,36,5,00010185
35.691559,139.690029,D6-03.新宿中央公園（ポケットパーク）,11,5,00010186
35.686649,139.689821,D6-04.新宿中央公園（ちびっこ広場）,10,5,00010187
35.690474,139.690219,D6-05.新宿中央公園（水の広場）,6,5,00010188
35.691199,139.687966,D6-06.新宿中央公園（エコギャラリー下）,12,5,00010296
35.696387,139.689924,D6-07.新宿フロントタワー,13,5,00010189
35.697158,139.707887,D6-08.新宿イーストサイドスクエア,5,5,00010190
35.694201,139.707047,D6-10.ホテルサンライト新宿,3,5,00010200
35.693029,139.711327,D6-11.ホテルリステル新宿,3,5,00010201
35.69342,139.710568,D6-12.東京ビジネスホテル,6,5,00010202
35.687652,139.689254,D6-13.新宿中央公園（ジャブジャブ池下）,9,5,00010284
35.689529,139.695995,D6-14.新宿ファーストウエスト,14,5,00010297
35.69465,139.695911,D6-15.住友不動産西新宿ビル,11,5,00010298
35.689689,139.698231,D6-18.ヨドバシカメラ 新宿西口本店前,8,5,00010743
35.693373,139.686508,D6-19.西新宿五丁目中央,32,5,00010744
35.693544,139.685806,D6-20.淀橋けやき橋公園,16,5,00010753
35.691613,139.711233,D6-21.新宿5丁目,7,5,00010767
35.697535,139.703633,D6-23.アパホテル 東新宿 歌舞伎町西,7,5,00010826
35.683102,139.688852,D6-24.ＮＴＴ東日本 本社ビル,12,5,00010917
35.689755,139.701323,D6-25.新宿駅東南口自転車駐輪場,33,5,00010926
35.694951,139.708219,D6-26.セブン-イレブン新宿６丁目文化センター通り店,10,5,00010956
35.686334,139.692881,D6-27.新宿三井ビルディング二号館,8,5,00010972
35.690899,139.706348,D6-28.東急ステイ新宿,11,5,00000212
35.688735,139.692249,D6-29.都庁第二本庁舎前,14,5,00000458
35.6897,139.694823,D6-30.京王プラザホテル,7,5,00000459
35.696207,139.700521,D6-31.東急歌舞伎町タワー駐輪場,10,5,00001526
35.715894,139.698578,D7-01.下落合図書館,16,5,00010274
35.722202,139.691712,D7-02.セブン-イレブン 新宿中落合3丁目店,27,5,00010307
35.715645,139.687486,D7-03.中井駅北,31,5,00010348
35.722645,139.701982,D7-04.セブン-イレブン 新宿下落合3丁目店,4,5,00010409
35.725818,139.678976,D7-05.西落合図書館,14,5,00010477
35.721064,139.677128,D7-06.エムアイセミナーハウス,5,5,00010575
35.725171,139.675897,D7-07.ローソン 新宿西落合三丁目店,5,5,00010602
35.71115,139.68232,D7-08.上落合3丁目,14,5,00010709
35.715211,139.689788,D7-10.染の里 おちあい,6,5,00010737
35.716359,139.704377,D7-11.新宿清掃事務所,6,5,00000319
35.715538,139.701683,D7-12.プラウド高田馬場,6,5,00000371
35.702746,139.752009,E1-01.後楽橋横,19,6,00010227
35.70311,139.754951,E1-02.東京ドーム（ミーツポート）,13,6,00010228
35.70319,139.751888,E1-03.東京ドーム（黄色いビル横）,8,6,00010229
35.707853,139.751518,E1-04.礫川公園,20,6,00010230
35.708291,139.753335,E1-05.春日地下自転車駐車場,13,6,00010231
35.708265,139.751983,E1-06.文京シビックセンター,17,6,00010232
35.712015,139.750284,E1-07.礫川地域活動センター,2,6,00010233
35.703914,139.747061,E1-11.小石川運動場前,8,6,00010340
35.71399,139.75137,E1-13.エルアージュ小石川,8,6,00010497
35.711147,139.747386,E1-14.いきいき礫川,9,6,00010528
35.71724,139.74289,E1-15.播磨坂事業所,9,6,00010550
35.714338,139.746346,E1-16.小石川3丁目緑地,25,6,00010784
35.713913,139.745416,E1-17.小石川パークスクエア,9,6,00000277
35.709261,139.746374,E1-18.アーバネックス小石川春日,8,6,00000721
35.710381,139.732137,E2-01.江戸川橋Ｂ自転車駐車場,48,6,00010234
35.710958,139.731165,E2-02.江戸川公園,10,6,00010235
35.715556,139.721988,E2-03.目白台運動公園,20,6,00010236
35.719421,139.725584,E2-05.護国寺駅西自転車駐車場,16,6,00010238
35.713991,139.725665,E2-06.oto no ha Cafe,5,6,00010326
35.713223,139.721699,E2-07.肥後細川庭園,5,6,00010505
35.716586,139.727705,E2-10.音羽パークロード（北入口）,11,6,00010526
35.715382,139.728533,E2-11.音羽パークロード（キャッチボール場横）,20,6,00010527
35.709147,139.739183,E2-12.水道2丁目,9,6,00010589
35.70781,139.732227,E2-13.デルックス文京神楽坂,5,6,00000649
35.718656,139.734556,E3-01.大塚地域活動センター跡地,6,6,00010239
35.719345,139.736198,E3-02.教育の森公園,16,6,00010240
35.724286,139.730954,E3-03.大塚公園,12,6,00010241
35.721045,139.735687,E3-05.文京スポーツセンター,30,6,00010585
35.713388,139.737009,E3-07.小日向1丁目,6,6,00010627
35.722833,139.734662,E3-08.サガラマンション,9,6,00000870
35.72707,139.746112,E4-01.千石南自転車駐車場,10,6,00010242
35.717357,139.757817,E4-02.向丘地域活動センター,6,6,00010243
35.73166,139.748625,E4-03.昭和小学校北側（不忍通り）,16,6,00010250
35.724707,139.750469,E4-04.セブン-イレブン 文京本駒込１丁目店,5,6,00010273
35.727279,139.74627,E4-07.ファミリーマート 本駒込二丁目店,5,6,00010318
35.720546,139.756685,E4-08.ドコモ・バイクシェア向丘ポート,9,6,00010320
35.720349,139.746924,E4-10.白山四丁目第二児童遊園横,7,6,00010411
35.727519,139.742815,E4-11.プライマル千石,3,6,00010536
35.726188,139.741375,E4-14.NTT東日本大塚ビル,12,6,00010597
35.729153,139.741368,E4-15.千石4丁目,5,6,00010734
35.723723,139.740143,E4-16.ビレッジワン,7,6,00000857
35.708121,139.763583,E5-01.文京総合体育館,20,6,00010244
35.719356,139.764308,E5-02.不忍通りふれあい館,15,6,00010245
35.725538,139.76116,E5-03.汐見地域活動センター（本郷図書館）,2,6,00010246
35.727046,139.760439,E5-04.保健サービスセンター本郷支所,6,6,00010247
35.728644,139.752183,E5-05.駒込地域活動センター,5,6,00010248
35.707296,139.769393,E5-07.湯島三丁目児童遊園,4,6,00010346
35.727778,139.756296,E5-08.セブン-イレブン 文京動坂上店,5,6,00010347
35.70861,139.75768,E5-09.文京区 男女平等センター,5,6,00010483
35.704475,139.763041,E5-12.NK本郷ビル,6,6,00010598
35.715592,139.76192,E5-13.弥生二丁目,6,6,00010599
35.707313,139.771857,E5-14.上野広小路駅（湯島側）,13,6,00010648
35.726499,139.759884,E5-15.文京千駄木の郷,8,6,00010649
35.720896,139.76422,E5-17.Village藍染,5,6,00010745
35.724921,139.75903,E5-18.団子坂上広場,7,6,00010777
35.728333,139.757629,E5-19.千駄木公園,8,6,00010778
35.704391,139.758575,E5-20.本郷2丁目,6,6,00010798
35.73176,139.756669,E5-21.動坂公園,9,6,00010799
35.724828,139.762583,E5-22.千駄木2丁目,5,6,00010820
35.722353,139.760966,E5-23.ビレッジ千駄木,6,6,00010830
35.712445,139.758157,E5-24.本郷6丁目,5,6,00010855
35.711875,139.759306,E5-25.ジェノヴィア東大前グリーンヴェール,10,6,00010882
35.708596,139.758269,E5-26.本郷4丁目,4,6,00010908
35.714875,139.76394,E5-27.真正館駐車場,3,6,00010976
35.707305,139.773657,E5-28.松坂屋上野店,16,6,00011004
35.705148,139.769314,E5-30.湯島3丁目15,19,6,00000796
35.732291,139.82012,G1-01.鐘ヶ淵駅南自転車駐車場,10,15,00000922
35.709777,139.810189,G2-01.東京ソラマチ,5,15,00000909
35.710111,139.81488,G2-02.押上1-23-8,9,15,00000911
35.710323,139.815215,G2-03.押上１丁目２６-４,5,15,00000974
35.712157,139.815298,G2-04.ラ　ステュディオ押上,5,15,00001171
35.69566,139.79214,G4-01.両国ビューホテル1,8,15,00000916
35.69562,139.79206,G4-02.両国ビューホテル2,8,15,00000917
35.702525,139.796632,G4-03.本所1-6-5,15,15,00000915
35.697898,139.795345,G4-04.NTTドコモ墨田ビル,22,15,00000910
35.698588,139.792946,G4-05.両国駅西口臨時自転車駐車場,20,15,00000914
35.700453,139.798978,G4-06.ドムス・スタイル両国,8,15,00001172
35.69955,139.803204,G4-07.ディアレイシャス両国,4,15,00001308
35.691677,139.793857,G4-08.ブオンサンヴァレンティーノ,4,15,00001605
35.693059,139.813417,G5-01.牡丹橋自転車駐車場,19,15,00000912
35.70378,139.814298,G5-02.横川3-7-10,38,15,00000913
35.692547,139.799231,G6-01.オーキッドレジデンス森下,7,15,00001143
35.658911,139.792531,H1-01.豊洲ＩＨＩビル前（晴海通り）,9,4,00010092
35.654196,139.79626,H1-02.豊洲駅,45,4,00010093
35.640736,139.804331,H1-03.東雲駅,16,4,00010094
35.633551,139.790468,H1-04.石と光の広場（国際展示場駅）,63,4,00000410
35.632148,139.79017,H1-05.相鉄グランドフレッサ 東京ベイ有明,16,4,00010096
35.630185,139.786618,H1-06.武蔵野大学,16,4,00010097
35.625271,139.781604,H1-07.青海駅,10,4,00010098
35.627087,139.779779,H1-08.東京テレポート駅,43,4,00010099
35.625029,139.777344,H1-10.出会い橋,14,4,00010101
35.697935,139.821855,H1-100.URアーバンライフ亀戸,31,4,00010769
35.642571,139.836766,H1-101.ファミリーマート新木場一丁目店,6,4,00010710
35.672714,139.837914,H1-102.ファミリーマート東砂七丁目店,9,4,00010711
35.680948,139.796917,H1-103.清澄庭園,18,4,00010727
35.676488,139.809616,H1-104.木場公園,22,4,00010728
35.692277,139.817491,H1-105.猿江恩賜公園,9,4,00010729
35.699072,139.834057,H1-106.亀戸中央公園,20,4,00010730
35.692641,139.846346,H1-107.大島小松川公園,30,4,00010763
35.648431,139.803125,H1-108.Brillia ist 東雲キャナルコート北側,24,4,00010732
35.648008,139.803487,H1-109.Brillia ist 東雲キャナルコート東側,10,4,00010733
35.61813,139.778698,H1-11.テレコムセンター駅,22,4,00010102
35.66688,139.80779,H1-111.ファミリーマート木場六丁目店,4,4,00010739
35.66305,139.8087,H1-112.ファミリーマート江東塩浜二丁目店,9,4,00010746
35.646366,139.801492,H1-113.123+N東雲店,34,4,00010794
35.651987,139.830691,H1-114.東京夢の島マリーナ,15,4,00010803
35.650235,139.835993,H1-115.東京夢の島マリーナ 第4駐車場,15,4,00010804
35.625037,139.777646,H1-116.出会い橋高架下,50,4,00010809
35.671225,139.808561,H1-117.東京パークサイドビル,20,4,00010810
35.69839,139.825484,H1-118.ファミリーマート亀戸駅前店,11,4,00010815
35.638319,139.834741,H1-119.榎戸材木店,6,4,00010831
35.650948,139.799711,H1-120.豊洲5丁目,18,4,00010847
35.676603,139.829736,H1-121.南砂5丁目,31,4,00010848
35.679167,139.839746,H1-122.東砂スポーツセンター,13,4,00010859
35.634316,139.793199,H1-123.ダイワロイネットホテル東京有明,21,4,00010860
35.680636,139.817977,H1-124.セブン-イレブン 江東海辺店,15,4,00010870
35.669291,139.795364,H1-127.古石場川親水公園,24,4,00010894
35.645162,139.785386,H1-128.豊洲市場（5街区）,36,4,00010898
35.654067,139.792376,H1-13.アーバンドック ららぽーと豊洲,20,4,00010104
35.676643,139.816054,H1-130.トヨタモビリティ東京　深川南・北店,20,4,00010903
35.679029,139.793535,H1-131.セブン-イレブン 江東佐賀2丁目店,6,4,00010904
35.681418,139.809287,H1-132.セブン-イレブン 江東三好4丁目店,6,4,00010905
35.679001,139.825809,H1-133.北砂2丁目公園,32,4,00010915
35.643006,139.777634,H1-134.豊洲ぐるり公園,42,4,00010916
35.684218,139.832843,H1-135.北砂5丁目団地,27,4,00010923
35.683542,139.839763,H1-136.東砂一丁目公園,18,4,00010924
35.638985,139.793653,H1-137.住友不動産ショッピングシティ有明ガーデン,22,4,00010943
35.687416,139.795588,H1-138.HW.HILLS新大橋,16,4,00010979
35.681867,139.797961,H1-139.ローソン清澄三丁目店,8,4,00010980
35.658351,139.818229,H1-14.ホテルリブマックス東京潮見駅前,8,4,00010724
35.689896,139.815116,H1-140.キャナルパレス住吉,16,4,00010996
35.699043,139.822886,H1-141.スーパーホテル東京・亀戸,7,4,00011010
35.660632,139.817294,H1-142.東京ベイ潮見プリンスホテル,12,4,00011008
35.624619,139.776006,H1-143.ダイバーシティ東京 プラザ,12,4,00000386
35.674199,139.822018,H1-144.南砂住宅,10,4,00011011
35.643131,139.797784,H1-145.東雲都橋住宅,7,4,00011012
35.668058,139.816819,H1-146.ホテルルートインGrand東京東陽町,16,4,00011017
35.68744,139.827075,H1-147.大島四丁目団地,39,4,00000124
35.694104,139.840278,H1-148.大島七丁目団地,12,4,00000125
35.639132,139.793047,H1-149.有明ガーデン 公園口,15,4,00000126
35.636978,139.791858,H1-150.ホテルヴィラフォンテーヌ南側,9,4,00000127
35.701347,139.819973,H1-151.レオーネ錦糸町,12,4,00000162
35.699187,139.82429,H1-152.コンポジット亀戸ウエスト,5,4,00000163
35.63851,139.823534,H1-153.三井リンクラボ新木場1,10,4,00000206
35.631132,139.792726,H1-154.やぐら橋下,20,4,00000207
35.645726,139.784496,H1-155.メブクス豊洲,24,4,00000435
35.630791,139.787396,H1-156.つどい橋下,10,4,00000381
35.621845,139.776833,H1-158.東京国際交流館,15,4,00011007
35.627599000000004,139.782953,H1-159.夢の大橋西,16,4,00000380
35.657477,139.796629,H1-16.豊洲三丁目公園,33,4,00010107
35.633908,139.793322,H1-160.花の広場,20,4,00010095
35.684003,139.794983,H1-161.昭文社制作本部ビル,7,4,00000436
35.68663,139.799529,H1-163.森下公園,6,4,00000702
35.68546,139.80244,H1-164.森下三丁目第三児童遊園,20,4,00000703
35.701318,139.825916,H1-165.亀戸梅屋敷,21,4,00000730
35.696574,139.82972,H1-166.亀戸クロック,20,4,00000731
35.688074,139.838932,H1-167.大島八丁目公園,13,4,00000749
35.68642,139.836151,H1-168.大島五丁目公園,15,4,00000759
35.697157,139.839835,H1-169.セブンイレブン江東亀戸7丁目東店,10,4,00000790
35.64704,139.80469,H1-17.東雲水辺公園,22,4,00010108
35.695937,139.838017,H1-170.セブンイレブン江東亀戸7丁目南店,17,4,00000791
35.672877,139.842339,H1-171.LOGI’Q南砂町,9,4,00000894
35.668856,139.794069,H1-172.サンヨーパシフィックマンション,4,4,00000905
35.687837,139.79654,H1-173.森下駅前,40,4,00000906
35.682712,139.823961,H1-174.ジュネス(エントランス側),3,4,00000997
35.689543,139.836394,H1-175.ダイアパレス大島駅前,6,4,00001051
35.667677,139.823552,H1-176.JMFビル東陽町02,6,4,00001309
35.678537,139.837391,H1-177.北砂7丁目団地(第一),6,4,00001295
35.678031,139.837193,H1-178.北砂7丁目団地(第二),5,4,00001296
35.678246,139.8366,H1-179.北砂7丁目団地(第三),10,4,00001297
35.631192,139.79401000000001,H1-18.東京ビッグサイト,18,4,00010109
35.691954,139.836462,H1-180.シティコート大島,11,4,00001298
35.684026,139.798933,H1-181.高橋乗船場横,15,4,00001372
35.695695,139.820507,H1-182.錦糸町プライムタワー,17,4,00001373
35.643958,139.838358,H1-183.MFLP新木場1,5,4,00001424
35.689913,139.833279,H1-184.UR大島六丁目団地(第一),13,4,00001475
35.690038,139.833252,H1-185.UR大島六丁目団地(第二),15,4,00001476
35.694804,139.831357,H1-186.セブン-イレブン亀戸昭和橋通り店,3,4,00001477
35.685344,139.80234,H1-187.森下文化センター,5,4,00001494
35.702075,139.822283,H1-188.THE A,3,4,00001604
35.653603,139.80144,H1-19.UR豊洲四丁目団地,21,4,00010110
35.619377,139.777582,H1-20.日本科学未来館,30,4,00010111
35.646041,139.804495,H1-21.UR東雲キャナルコート,37,4,00010112
35.6447,139.784512,H1-22.豊洲市場（7街区）,48,4,00010780
35.648085,139.798986,H1-23.KDX豊洲グランスクエア,15,4,00010114
35.619234,139.774485,H1-26.青海客船ターミナル,16,4,00010120
35.624467,139.781305,H1-27.パレットタウン乗船場,10,4,00010121
35.630063,139.792209,H1-28.有明客船ターミナル,11,4,00010122
35.647618,139.792152,H1-29.スカイズタワー＆ガーデン,21,4,00010147
35.67338,139.8164,H1-30.江東区役所（北側）,33,4,00010074
35.67214,139.8166,H1-31.江東区役所（南側）,24,4,00010076
35.664591,139.813954,H1-32.区営塩浜住宅前,30,4,00010115
35.66789,139.803,H1-33.深川ギャザリア（ウエストスクエア）,26,4,00010116
35.67391,139.796165,H1-34.門前仲町駅,53,4,00010167
35.652376,139.797724,H1-35.ヒューリック豊洲プライムスクエア,10,4,00010174
35.66605,139.806699,H1-36.フジゴルフセンター,17,4,00010193
35.640618,139.802455,H1-37.東雲駅（東京湾岸道路）,36,4,00010196
35.646857,139.808912,H1-38.辰巳駅西口自転車駐車場,89,4,00010206
35.645823,139.812178,H1-39.辰巳駅東口自転車駐車場,29,4,00010207
35.674076,139.795008,H1-40.深川東京モダン館,5,4,00010209
35.676474999999996,139.804741,H1-41.深川北スポーツセンター,15,4,00010212
35.683961,139.821559,H1-42.江東区スポーツ会館,36,4,00010213
35.675639,139.815255,H1-43.東京イースト21,10,4,00010215
35.646866,139.790622,H1-44.テプコ豊洲ビル,16,4,00010223
35.648596,139.824936,H1-45.夢の島競技場,20,4,00010224
35.659287,139.807358,H1-46.セブン-イレブン 江東枝川2丁目店,7,4,00010264
35.672481,139.835877,H1-47.トピレックプラザ,16,4,00010266
35.658249,139.815775,H1-48.セブン-イレブン 江東潮見２丁目店,9,4,00010271
35.667892,139.8311,H1-49.セブン-イレブン 江東新砂３丁目店,13,4,00010272
35.655457,139.795161,H1-50.豊洲交通広場　北,25,4,00010275
35.654958,139.795718,H1-51.豊洲交通広場　東,38,4,00010276
35.646756,139.809295,H1-52.辰巳駅,60,4,00010277
35.653991,139.795513,H1-53.豊洲シビックセンター,20,4,00010278
35.680052,139.831874,H1-54.砂町文化センター,22,4,00010293
35.681089,139.800777,H1-55.深川江戸資料館,15,4,00010294
35.672361,139.829825,H1-56.南砂三丁目緑地公園西,21,4,00010299
35.64508,139.826456,H1-57.新木場駅,102,4,00010300
35.658703,139.817251,H1-58.潮見駅,27,4,00010301
35.681316,139.792176,H1-59.LYURO 東京清澄,15,4,00010308
35.679678,139.844892,H1-60.荒川・砂町庭球場西,10,4,00010309
35.648281,139.786112,H1-61.Brilliaランニングスタジアムマギーズ東京前,11,4,00010311
35.683343,139.812161,H1-62.扇橋一丁目公園南,22,4,00010312
35.65637,139.811765,H1-63.東京スイソミル,11,4,00010317
35.640228,139.804267,H1-64.ローソン東雲駅前店,10,4,00010343
35.669507,139.825553,H1-65.ローソン南砂日曹橋店,14,4,00010344
35.687732,139.846383,H1-66.中川船番所資料館,16,4,00010345
35.69766,139.843408,H1-67.セブン-イレブン 江東亀戸9丁目店,20,4,00010354
35.649274,139.792213,H1-68.芝浦工業大学附属中学高等学校,19,4,00010406
35.680474,139.812316,H1-69.ファミリーマート 江東石島店,10,4,00010412
35.63403,139.784319,H1-70.有明スポーツセンター,19,4,00010434
35.670906,139.819386,H1-71.セブン-イレブン 江東東陽4丁目,6,4,00010423
35.674578,139.797396,H1-72.ネクストサイト深川ビル,16,4,00010472
35.67386,139.79976,H1-73.イシマビル,12,4,00010484
35.63848,139.832305,H1-74.タダノ教習センター,10,4,00010496
35.684247,139.815638,H1-75.ジオ深川住吉,20,4,00010504
35.638571,139.78829,H1-76.有明物流センター,20,4,00010512
35.684641,139.844243,H1-77.ライフ東砂店,10,4,00010535
35.645604,139.834941,H1-78.ローソン新木場一丁目店,15,4,00010427
35.659829,139.793243,H1-81.豊洲IHIビル（北側）,23,4,00010558
35.683514,139.827081,H1-82.セブンｰイレブン 北砂3丁目明治通り店,5,4,00010561
35.642165,139.800439,H1-83.ローソン江東東雲店,13,4,00010557
35.647091,139.817333,H1-84.NTT東日本辰巳ビル,10,4,00010556
35.662514,139.803694,H1-87.パークアクシス木場キャナルウエスト,10,4,00010619
35.637040999999996,139.781088,H1-89.BUDDY スポーツアリーナ,22,4,00010630
35.655102,139.805205,H1-90.富士倉庫運輸(株) FACE-1前,10,4,00010646
35.696913,139.823911,H1-91.亀戸駅北口第三自転車駐車場,18,4,00010650
35.69788,139.830559,H1-92.亀戸駅東口第二自転車駐車場,17,4,00010651
35.64143,139.835455,H1-93.新木場一丁目公園,8,4,00010701
35.64423,139.835823,H1-94.新木場一丁目緑地公園,10,4,00010702
35.619451,139.834429,H1-95.若洲公園,25,4,00010703
35.668757,139.790156,H1-96.越中島公園,12,4,00010704
35.661852,139.802224,H1-97.浜園公園,7,4,00010705
35.668705,139.810549,H1-98.洲崎川緑道公園,46,4,00010706
35.669695,139.831874,H1-99.南砂三丁目公園,40,4,00010707
35.609052,139.729825,I1-01.品川区役所 本庁舎前,12,10,00010414
35.608161,139.730048,I1-02.品川区役所 第三庁舎前,9,10,00010415
35.605617,139.73472,I1-03.大井町駅中央口（西側）,23,10,00010416
35.605146,139.734694,I1-04.大井町歩道橋,15,10,00010417
35.593489,139.72967,I1-06.大森貝塚遺跡庭園,9,10,00010419
35.590641,139.736354,I1-07.しながわ水族館,17,10,00010420
35.622294,139.751644,I1-08.天王洲アイル第一水辺広場,31,10,00010421
35.616633,139.748945,I1-09.東品川海上公園第1,7,10,00010461
35.607717,139.749478,I1-10.品川シーサイド公園第1,7,10,00010462
35.610444,139.712333,I1-100.東急荏原中延駅駐輪場,10,10,00001426
35.603984,139.744504,I1-11.鮫洲入江広場,14,10,00010463
35.596091,139.740884,I1-12.しながわ区民公園（北側）,5,10,00010464
35.613421,139.75375,I1-13.八潮北公園,14,10,00010465
35.6214,139.741958,I1-16.品川浦,14,10,00010515
35.616364,139.749171,I1-17.東品川海上公園第2,12,10,00010516
35.61379,139.746617,I1-18.東品川公園,13,10,00010517
35.607571,139.749108,I1-19.品川シーサイド公園第2,8,10,00010518
35.59632,139.751279,I1-20.しおじ公園,20,10,00010519
35.593887,139.741204,I1-21.大井競馬場(正門前),10,10,00010524
35.596579,139.745009,I1-22.ウィラ大井 (ショッピングモール),5,10,00010529
35.616114,139.74033,I1-23.東海橋防災船着場,12,10,00010531
35.593611,139.738056,I1-24.しながわ区民公園(中央口),14,10,00010532
35.607084,139.705007,I1-25.セブン-イレブン 品川旗の台2丁目店,12,10,00010567
35.617475,139.729221,I1-26.大崎西口公園,9,10,00010568
35.620699,139.730904,I1-27.小関橋公園,8,10,00010569
35.617365,139.706642,I1-28.ローソン 品川荏原三丁目店,14,10,00010578
35.599987,139.745195,I1-29.ローソン 勝島一丁目店,4,10,00010579
35.603327,139.729006,I1-30.ローソン 大井三丁目店,7,10,00010580
35.608193,139.719139,I1-31.セブン-イレブン 品川戸越5丁目店,7,10,00010581
35.611158,139.74574,I1-32.ローソン 東品川三丁目店,12,10,00010582
35.622954,139.750593,I1-35.シーフォートスクエア,17,10,00010615
35.590894,139.732309,I1-36.ローソン 南大井六丁目店,4,10,00010617
35.623466,139.734359,I1-37.ガーデンシティ品川御殿山,8,10,00010618
35.594544,139.760423,I1-38.ローソン 八潮三丁目店,13,10,00010623
35.628116,139.713149,I1-39.MID POINT 目黒不動前,5,10,00010624
35.622371,139.737457,I1-40.御殿山トラストタワー,26,10,00010640
35.611582,139.742528,I1-42.京急青横駐車場,10,10,00010656
35.594722,139.737101,I1-43.京急南大井駐車場,10,10,00010657
35.604606,139.734483,I1-44.大井三ツ又商店街入口,16,10,00010668
35.62541,139.718135,I1-45.セブン-イレブン品川西五反田3丁目店,5,10,00010669
35.608721,139.714158,I1-46.セブン-イレブン 品川東中延2丁目店,4,10,00010680
35.630151,139.725215,I1-47.NTT 東日本 関東病院(南側),6,10,00010741
35.632191,139.725002,I1-48.NTT 東日本 関東病院(北側),9,10,00010742
35.603815,139.741362,I1-49.京急鮫洲バイク駐輪場,8,10,00010748
35.599196,139.739158,I1-50.京急立会川第2バイク駐輪場,10,10,00010749
35.589573,139.735585,I1-51.京急鈴ヶ森駐車場,10,10,00010750
35.607557,139.746866,I1-52.カスタリアタワー品川シーサイド,20,10,00010754
35.620355,139.749339,I1-53.天王洲公園,8,10,00010757
35.622356,139.749468,I1-54.天王洲オーシャンスクエア,23,10,00010759
35.593559,139.734704,I1-55.鈴ヶ森公園,12,10,00010770
35.589972,139.729368,I1-57.大井水神公園,61,10,00010771
35.609664,139.730006,I1-58.品川区役所　第二庁舎前,18,10,00010772
35.612357,139.721484,I1-59.文庫の森第一,13,10,00010782
35.611368,139.720424,I1-60.文庫の森第二,5,10,00010783
35.622588,139.716159,I1-61.五反田文化センター,8,10,00010786
35.622277,139.745638,I1-62.天王洲Rim,7,10,00010812
35.62765,139.719212,I1-63.セブン-イレブン西五反田店,3,10,00010824
35.622965,139.731014,I1-64.株式会社ユアス ゆうパック取扱所：ポストのうしろ,12,10,00010829
35.605996,139.743037,I1-65.セブン-イレブン品川東大井1丁目店,7,10,00010841
35.596733,139.73804,I1-66.南大井文化センター駐車場,8,10,00010856
35.601149,139.754284,I1-67.八潮公園第一,20,10,00010861
35.600003,139.754288,I1-68.八潮公園第二,14,10,00010862
35.624566,139.72448,I1-70.五反田リバーステーション,9,10,00010883
35.596483,139.7355,I1-71.セブン-イレブン南大井浜川店,6,10,00010892
35.600081,139.728193,I1-72.セブン-イレブン大井店,6,10,00010893
35.622403,139.71771,I1-74.セブン-イレブン西五反田6丁目店,5,10,00010907
35.603275,139.713428,I1-75.セブン-イレブン品川二葉4丁目店,8,10,00010911
35.612217,139.708164,I1-77.セブン-イレブン品川西中延1丁目店,6,10,00010918
35.601431,139.718659,I1-78.セブン-イレブン西大井店,6,10,00010927
35.621904,139.741429,I1-79.品川浦第二,14,10,00010928
35.622714,139.74471,I1-80.リバーサイド品川港南ビル,10,10,00010933
35.608127,139.717865,I1-81.戸越6丁目,21,10,00010937
35.627386,139.711182,I1-82.トミンハイム西五反田四丁目,7,10,00010938
35.600161,139.749902,I1-83.かもめ歩道橋,37,10,00010939
35.613819,139.728418,I1-84.セブン-イレブン西品川2丁目店,3,10,00010957
35.621081,139.741178,I1-85.GOODOFFICE品川,5,10,00010953
35.601694,139.719778,I1-86.ファミリーマート二葉三丁目店,8,10,00010968
35.599774,139.723467,I1-87.セブン-イレブン西大井滝王子通り店,3,10,00010992
35.58768,139.734515,I1-88.セブン-イレブン品川南大井3丁目店,4,10,00010993
35.608402,139.726118,I1-89.下神明駅自転車駐車場,5,10,00000180
35.634019,139.719749,I1-91.アクロス目黒タワー,7,10,00000470
35.595873,139.75134,I1-92.中央海浜公園前交差点（北側）,10,10,00000566
35.595498,139.750654,I1-93.中央海浜公園前交差点（南側）,6,10,00000567
35.62268,139.70527,I1-94.ローソン ＬＴＦ品川小山台店,11,10,00000576
35.584998,139.761055,I1-95.東京レールゲート EAST,14,10,00000886
35.627599000000004,139.720463,I1-96.西五反田２丁目,10,10,00000902
35.613387,139.749307,I1-97.トミンハイム東品川三丁目第二,19,10,00000930
35.60411,139.709784,I1-98.コーポ荏原,6,10,00001049
35.61663,139.74192,I1-99.北品川２丁目,8,10,00001050
35.640675,139.698088,J1-01.目黒区総合庁舎,10,12,00010684
35.657718,139.681043,J1-02.駒場野公園,13,12,00010685
35.650688,139.696696,J1-03.西郷山公園,8,12,00010686
35.650351,139.692853,J1-04.菅刈公園,10,12,00010687
35.64853,139.686309,J1-05.東山公園　北,7,12,00010688
35.642251,139.69692,J1-06.観音橋自転車置場,50,12,00010689
35.641992,139.701588,J1-07.目黒川船入場,9,12,00010690
35.634533,139.708868,J1-08.目黒区民センター公園,20,12,00010691
35.629252,139.712716,J1-09.ファミリーマート佐野久下目黒店,6,12,00010700
35.655779,139.680948,J1-10.NTTデータ駒場研修センター,11,12,00010717
35.649023,139.696086,J1-11.コンフォリア目黒青葉台,3,12,00010159
35.605828,139.680265,J1-12.工大橋下流自転車置場,5,12,00010789
35.61061,139.693443,J1-13.洗足二丁目駐輪場,9,12,00010790
35.614856,139.678208,J1-14.二の橋自転車置場1,40,12,00010791
35.614391,139.678396,J1-15.二の橋自転車置場2,16,12,00010792
35.617353,139.672256,J1-16.八雲橋自転車置場,6,12,00010793
35.613902,139.691476,J1-17.ファミリーマート原町二丁目店,6,12,00010796
35.615098,139.675954,J1-19.NTT東日本自由が丘ビル,4,12,00010801
35.617773,139.685351,J1-20.すずめのお宿緑地公園,9,12,00010805
35.630694,139.690482,J1-21.中央緑地公園,6,12,00010806
35.627373,139.692044,J1-22.NTTコミュニケーションズ唐ヶ崎ビル,10,12,00010834
35.623756,139.692517,J1-23.清水池公園,15,12,00010839
35.612389,139.676238,J1-24.ボヌールREIWA,6,12,00010869
35.625081,139.682632,J1-25.碑文谷公園,8,12,00010886
35.623459,139.687128,J1-26.田向公園,9,12,00010887
35.623036,139.668309,J1-27.衾町公園,30,12,00010888
35.617188,139.665064,J1-28.宮前公園,12,12,00010889
35.626121,139.688576,J1-29.カスタリア目黒鷹番,5,12,00010897
35.634194,139.688833,J1-31.守屋図書館,20,12,00010983
35.606793,139.678372,J1-32.緑が丘駅前高架下,7,12,00011005
35.629861,139.666293,J1-33.芳窪街かど公園,15,12,00011023
35.636269,139.709073,J1-34.田道広場公園,10,12,00011032
35.634574,139.710332,J1-35.目黒川田道街かど公園,6,12,00011033
35.629067,139.711779,J1-36.WJ Haus,4,12,00000132
35.640398,139.704069,J1-37.中目黒公園,18,12,00000146
35.626355,139.700153,J1-38.林試の森公園 北,13,12,00000147
35.655483,139.687325,J1-39.松見坂公園,5,12,00000151
35.616541,139.697369,J1-40.西小山公園,9,12,00000156
35.631319,139.70237,J1-41.CASSIA目黒,9,12,00000157
35.618622,139.67596,J1-42.都立大学駅北口バス停前,15,12,00000158
35.63237,139.712681,J1-43.アルコタワー・ホテル雅叙園東京,11,12,00000372
35.634441,139.687186,J1-44.五本木2丁目,8,12,00000487
35.63767,139.7045,J1-45.プラウド中目黒,4,12,00000611
35.632735,139.683899,J1-46.五本木西みどり街かど公園,4,12,00000612
35.61847,139.70019,J1-47.本町みなみ街かど公園,9,12,00000613
35.64372,139.68777,J1-48.グランドエクセル祐天寺,7,12,00000618
35.638864,139.696568,J1-49.伊勢脇公園,4,12,00000667
35.609958,139.684087,J1-50.大岡山公園,4,12,00000668
35.650627,139.687228,J1-51.池尻大橋駅東口駐輪場,5,12,00000669
35.629807,139.662398,J1-52.駒沢一丁目公園前,8,12,00000763
35.612833,139.675047,J1-53.ボヌールAllamanda,5,12,00000776
35.638904,139.712518,J1-54.田道住区センター三田分室,5,12,00000903
35.61707,139.66882,J1-55.ローソン八雲二丁目店,10,12,00000963
35.654009,139.692727,J1-56.青葉台四丁目街かど公園,6,12,00000904
35.606667,139.667324,J1-57.トレインチ自由が丘,3,12,00001107
35.629011,139.69716,J1-58.目黒女子会館前,5,12,00001347
35.57685,139.742496,K1-01.大森海苔のふるさと館,10,7,00010285
35.579049,139.739878,K1-02.平和の森公園,14,7,00010286
35.576593,139.706597,K1-03.池上会館,4,7,00010287
35.559483,139.724273,K1-04.京急蒲田駅東口,21,7,00010288
35.581832,139.741581,K1-05.平和島公園プール,24,7,00010289
35.585269,139.726279,K1-06.大森駅入新井自転車駐車場,12,7,00010290
35.562368,139.730143,K1-08.セブン‐イレブン 大田区東蒲田キネマ通り店,5,7,00010310
35.570763,139.705895,K1-09.セブン‐イレブン 大田区西蒲田２丁目店,9,7,00010314
35.559647,139.730098,K1-10.セブン‐イレブン 大田区西糀谷１丁目店,8,7,00010315
35.589794,139.666955,K1-100.多摩川台公園,5,7,00000199
35.599541,139.697962,K1-101.小池公園,5,7,00000200
35.595119,139.6996,K1-102.上池台四丁目公園,7,7,00000201
35.594515,139.691219,K1-103.雪谷特別出張所,4,7,00000232
35.543573,139.714393,K1-104.六郷BASE,14,7,00000233
35.555702,139.740802,K1-105.東糀谷二丁目児童公園,8,7,00000234
35.599329,139.703343,K1-106.ファミリーマート上池台夫婦坂店,10,7,00000246
35.596854,139.712139,K1-107.馬込駅A2出口,10,7,00000269
35.557999,139.732564,K1-108.仲江名公園,4,7,00000270
35.549323,139.737091,K1-109.萩中公園プール駐輪場,8,7,00000271
35.558289,139.697403,K1-11.ファミリーマート かわだ多摩川２丁目店,11,7,00010322
35.550479,139.739538,K1-110.萩中集会所裏,16,7,00000272
35.546499,139.736761,K1-111.本羽田公園,9,7,00000273
35.594658,139.700133,K1-113.ファミリーマート大田上池台四丁目店,7,7,00000291
35.568722,139.680736,K1-114.下丸子公園,8,7,00000301
35.565685,139.736195,K1-115.旧呑川緑地（大森中三丁目）,7,7,00000302
35.567176,139.742345,K1-116.旧呑川緑地（大森東五丁目）,12,7,00000303
35.581798,139.695222,K1-117.安詳寺,38,7,00000375
35.580741,139.687152,K1-118.久が原3丁目,10,7,00000376
35.58223,139.72763,K1-119.シーンズ大森パークサイド,4,7,00000453
35.560125,139.71569,K1-120.蒲田駅消費者生活センター横自転車駐車場 屋上部,18,7,00000547
35.540579,139.754506,K1-121.東京広域ポート（川崎LiSE）,11,7,00000643
35.581347,139.662265,K1-122.東急新丸子駅駐輪場,13,7,00000644
35.577794,139.660751,K1-123.東急新丸子駅（東）駐輪場,11,7,00000645
35.564161,139.695187,K1-124.矢口2丁目,6,7,00000652
35.571866,139.703214,K1-125.池上駅南口第1,3,7,00000377
35.571815,139.702387,K1-126.池上駅南口第2,3,7,00000378
35.559286,139.722611,K1-127.第二石井ビル,8,7,00000705
35.571975,139.732137,K1-128.大森西3丁目,16,7,00000855
35.557427,139.739126,K1-129.ローソン東糀谷一丁目店,5,7,00000869
35.578728,139.735238,K1-130.COCOONひろば平和島,20,7,00000962
35.567514,139.692791,K1-131.東急武蔵新田駅駐輪場,14,7,00000978
35.587232,139.669519,K1-132.多摩川駅前自転車等駐車場,15,7,00000977
35.584217,139.759232,K1-133.東京港野鳥公園,17,7,00000996
35.588363,139.69042,K1-134.東調布公園,10,7,00000995
35.608633,139.693653,K1-135.北千束2丁目,6,7,00001146
35.585489,139.740194,K1-136.BIG FUN 平和島,18,7,00001144
35.571578,139.770532,K1-137.京浜島つばさ公園,10,7,00001145
35.544534,139.763244,K1-138.羽田エアポートガーデン,17,7,00001299
35.548104,139.748889,K1-139.プラットホステル京急 羽田ホーム,10,7,00001346
35.578238999999996,139.723262,K1-14.大森地域庁舎,9,7,00010332
35.586382,139.705116,K1-140.西馬込駅前自転車駐車場(奥),10,7,00001371
35.561291,139.715076,K1-141.蒲田駅西口歩道,6,7,00001523
35.56694,139.716331,K1-15.セブン‐イレブン 大田区西蒲田店,4,7,00010333
35.563092,139.693548,K1-16.ファミリーマート 矢口二丁目店,9,7,00010334
35.55079,139.716517,K1-21.六郷特別出張所,10,7,00010398
35.562324,139.690486,K1-22.矢口特別出張所,4,7,00010399
35.561183,139.716339,K1-23.大田区役所本庁舎前,9,7,00010400
35.557074,139.74575,K1-24.東糀谷防災公園,17,7,00010401
35.56892,139.725082,K1-25.鶴渡公園,6,7,00010402
35.574785,139.730762,K1-26.大森諏訪公園,13,7,00010403
35.544715,139.707623,K1-27.六郷文化センター,4,7,00010432
35.574886,139.685122,K1-28.鵜の木特別出張所,7,7,00010433
35.55017,139.728146,K1-29.萩中文化センター,9,7,00010450
35.567922,139.746181,K1-30.テクノFRONT森ケ崎,8,7,00010451
35.546252,139.731708,K1-31.テクノWING,7,7,00010452
35.601958,139.682876,K1-32.石川町文化センター,3,7,00010453
35.572301,139.688685,K1-33.ヴォーガコルテ千鳥町,19,7,00010457
35.549778,139.707362,K1-35.セブン-イレブン 大田区西六郷2丁目店,5,7,00010475
35.587815,139.691748,K1-36.セブン-イレブン 大田区南雪谷5丁目店,9,7,00010476
35.563874,139.685011,K1-37.東京サーハウス前,20,7,00010482
35.558915999999996,139.717253,K1-38.ネクストサイト蒲田ビル,9,7,00010488
35.581752,139.748705,K1-39.東京モノレール 流通センター駅前,11,7,00010489
35.579649,139.720263,K1-40.大田文化の森,5,7,00010508
35.588644,139.710413,K1-41.郷土博物館,9,7,00010509
35.58849,139.70376,K1-42.馬込西公園,10,7,00010510
35.600707,139.703216,K1-43.北馬込わくわく公園,5,7,00010511
35.594795,139.704951,K1-44.中馬込貝塚公園,4,7,00010520
35.592801,139.715472,K1-45.たぬき山公園,9,7,00010521
35.571478,139.702779,K1-46.池上駅前自転車駐車場,9,7,00010533
35.598601,139.684747,K1-47.NTT雪ヶ谷ビル,10,7,00010548
35.590934,139.696915,K1-48.ファミリーマート大田上池台三丁目店,11,7,00010549
35.586585,139.698552,K1-49.ローソン仲池上一丁目店,6,7,00010029
35.556199,139.721476,K1-50.テクノポートカマタ 第1,5,7,00010586
35.555808,139.722791,K1-51.テクノポートカマタ 第2,8,7,00010587
35.564152,139.727422,K1-52.大田区総合体育館,7,7,00010604
35.589309,139.678587,K1-53.セブン-イレブン 田園調布郵便局前店,9,7,00010605
35.579435,139.698552,K1-54.ファミリーマート大田久が原五丁目店,5,7,00010606
35.576275,139.713704,K1-55.カバヤビル,5,7,00010616
35.588106,139.718852,K1-56.NTT馬込ビル,9,7,00010631
35.579585,139.705377,K1-57.池上本門寺,6,7,00010632
35.558525,139.70888,K1-58.ローソン新蒲田一丁目店,6,7,00010652
35.565768,139.727396,K1-59.京急梅屋敷第1駐車場,7,7,00010653
35.576336,139.733691,K1-60.京急平和島第1駐車場,10,7,00010654
35.568611,139.741441,K1-62.ローソン大森東五丁目店,6,7,00010674
35.545459,139.719489,K1-64.多摩川グリーンスクエア,10,7,00010676
35.571711,139.685337,K1-65.下丸子3丁目,18,7,00010683
35.575097,139.751446,K1-66.昭和島二丁目公園,8,7,00010712
35.570508,139.764013,K1-67.京浜島防災広場,8,7,00010713
35.580511,139.775957,K1-68.ART FACTORY 城南島,8,7,00010714
35.585747,139.735242,K1-69.京急平和島第2Bバイク駐輪場,6,7,00010747
35.579166,139.682804,K1-70.ローソン大田西嶺町店,4,7,00010773
35.562769,139.74327,K1-71.ファミリーマート大田大森南店,12,7,00010802
35.573358,139.723105,K1-72.ファミリーマート大森西四丁目店,4,7,00010816
35.581603,139.722353,K1-73.サイクルポイントナカネ,7,7,00010817
35.587423,139.753871,K1-74.大田スタジアム,16,7,00010818
35.556231,139.751408,K1-75.三井不動産インダストリアルパーク羽田,10,7,00010844
35.585178,139.726339,K1-76.グリーンベルト,15,7,00010849
35.567562,139.766854,K1-78.城南鋳物団地協同組合,5,7,00010864
35.586993,139.736491,K1-79.Tマークシティホテル東京大森,6,7,00010901
35.579849,139.731241,K1-80.大森北6丁目,3,7,00010902
35.549568,139.731093,K1-81.コーナン本羽田萩中店,19,7,00010929
35.561499,139.71123,K1-82.西蒲田公園,13,7,00010930
35.611085,139.68599,K1-83.北千束北児童公園,6,7,00010931
35.581698,139.71491,K1-84.佐伯山緑地,9,7,00010941
35.583555,139.743381,K1-85.大田区青少年交流センター ゆいっつ,4,7,00010945
35.556267,139.727246,K1-86.IMPREST STAY TOKYO 蒲田,22,7,00010946
35.547061,139.756277,K1-87.羽田イノベーションシティ,10,7,00010951
35.582756,139.6925,K1-88.大田久が原西郵便局,5,7,00010987
35.572086,139.68708,K1-89.ファミリーマート大田千鳥三丁目店,15,7,00011001
35.5873,139.701644,K1-90.ファミリーマート大田仲池上一丁目店,6,7,00011002
35.550027,139.74973,K1-91.穴守稲荷神社,10,7,00011003
35.561389,139.715248,K1-92.蒲田駅西口自転車駐車場,11,7,00011014
35.548864,139.74484,K1-93.六間堀仲羽公園,15,7,00011015
35.572188,139.749613,K1-94.昭和島駅前,8,7,00011019
35.578259,139.783505,K1-95.城南島海浜公園,16,7,00011020
35.586408,139.705425,K1-96.西馬込駅前自転車駐車場,19,7,00011031
35.555561,139.704345,K1-97.トミンタワー多摩川二丁目,13,7,00000152
35.577433,139.680752,K1-98.鵜の木松山公園,15,7,00000197
35.584086,139.67898,K1-99.東原くすのき公園,15,7,00000198
35.66362,139.69801,M1-01.渋谷区役所,9,8,00010376
35.64524,139.71946,M2-01.恵比寿保健相談所（恵比寿社会教育館）,11,8,00010377
35.643606,139.713099,M2-02.アメリカ橋公園,8,8,00010378
35.646581,139.710613,M2-03.サイカパーク恵比寿,18,8,00010379
35.653382,139.721059,M2-04.広尾東公園,7,8,00010380
35.65519,139.718559,M2-05.日本赤十字医療センター,10,8,00010381
35.647237,139.71512,M2-06.あいおいニッセイ同和損保恵比寿ビル,6,8,00010542
35.6471,139.712818,M2-07.ファミリーマート恵比寿駅東店,7,8,00010667
35.652151,139.698426,M2-11.鉢山町,16,8,00000784
35.650541,139.713361,M2-12.恵比寿プライムスクエアタワー北,9,8,00001495
35.649257,139.713272,M2-13.恵比寿プライムスクエアタワー南,8,8,00001496
35.657726,139.697802,M3-01.渋谷マークシティ,12,8,00010382
35.65558,139.69966,M3-02.文化総合センター大和田,6,8,00010383
35.649823,139.700139,M3-03.代官山 T-SITE,10,8,00010384
35.657556,139.704129,M3-06.渋谷第一生命ビル,6,8,00010492
35.65506,139.69384,M3-07.渋谷ファーストプレイス,10,8,00010493
35.661475,139.699296,M3-09.ティップ.クロス TOKYO 渋谷,20,8,00010543
35.647757,139.712981,M3-10.ウノサワ東急ビル,7,8,00010722
35.65718,139.698687,M3-11.渋谷道玄坂東急ビル,6,8,00010723
35.656228,139.706284,M3-12.渋谷南東急ビル,7,8,00010808
35.657682,139.703307,M3-13.渋谷駅東口地下駐輪場,19,8,00010843
35.647076,139.703964,M3-15.co-ba ebisu,6,8,00010881
35.662146,139.702793,M3-19.渋谷キャスト,20,8,00010984
35.65494,139.70534,M3-20.東急ステイ渋谷新南口,8,8,00000208
35.65618,139.69612,M3-21.渋谷ソラスタ,12,8,00000351
35.64514,139.71686,M3-22.森谷ビル,14,8,00000713
35.658229,139.694885,M3-23.円山町7-1,9,8,00000998
35.66026,139.69684,M3-24.渋谷道玄坂２丁目駐輪場,19,8,00001524
35.68714,139.702775,M4-01.新宿タカシマヤ,7,8,00010386
35.684451,139.702884,M4-03.NTTドコモ代々木ビル,9,8,00010387
35.671823,139.708158,M4-06.THE SHARE 原宿,8,8,00010611
35.68082,139.71188,M4-07.千駄ヶ谷駅前,6,8,00010666
35.66616,139.70458,M4-13.J-cube,3,8,00000629
35.668673,139.702816,M4-16.神宮前6丁目,3,8,00000744
35.666463,139.710942,M4-17.神宮前4丁目,5,8,00001348
35.680154,139.685937,M5-01.初台駅南口,11,8,00010390
35.684423,139.692262,M5-02.あいおいニッセイ同和損保新宿ビル,4,8,00010391
35.671282,139.675307,M5-03.代々木大山公園,15,8,00010392
35.668091,139.680243,M5-08.古賀政男音楽博物館,8,8,00010647
35.66865,139.679251,M5-09.代々木上原駅前,6,8,00010665
35.665961,139.686491,M5-10.富ヶ谷2丁目,17,8,00010807
35.688154,139.698975,M5-11.あおい通り,8,8,00010813
35.675049,139.68444,M5-13.セブン-イレブン初台店,7,8,00010891
35.681594,139.701613,M5-14.天翔代々木ANNEX,20,8,00010977
35.686567,139.699355,M5-15.新宿マインズタワー,20,8,00011018
35.669782,139.68861,M5-16.ローソン代々木八幡駅北店,2,8,00000213
35.6866,139.70014,M5-17.小田急サザンタワー,9,8,00000461
35.679182,139.68596,M5-18.Luxe初台,5,8,00000777
35.68285,139.698528,M5-19.グランリヴィエール代々木,6,8,00000887
35.677175,139.676769,M6-01.幡ヶ谷駅高架下第一,39,8,00010393
35.673444,139.666553,M6-02.サイカパーク笹塚,7,8,00010394
35.675198,139.663587,M6-03.十三号通り公園,11,8,00010395
35.687126,139.680702,M6-04.本町東べんてん橋公園,6,8,00010396
35.67917,139.67493,M6-05.七号通り公園,7,8,00010397
35.675436,139.670594,M6-07.笹塚東,21,8,00010721
35.682453,139.677687,M6-08.Be Good 幡ヶ谷,11,8,00010765
35.683756,139.684965,M6-09.ファミリーマート渋谷本町店,5,8,00010795
35.6772,139.678117,M6-10.京王コインパーク幡ヶ谷,6,8,00010819
35.674337,139.668801,M6-11.京王サイクルパーク笹塚,3,8,00010842
35.683156,139.67338,M6-12.LIVART SEASON 幡ヶ谷,7,8,00010910
35.673409,139.675203,M6-13.JICA東京,12,8,00010999
35.67323,139.66393,M6-14.ドコモショップ笹塚店,7,8,00011030
35.67741,139.67383,M6-15.cova Hatagaya,3,8,00000383
35.67464,139.67876,M6-16.パールマンション,2,8,00000482
35.672922,139.668729,M6-17.笹塚一丁目駐輪場,6,8,00001504
35.719717,139.64785,N1-01.BeGood野方,10,13,00010990
35.721556,139.640397,N1-02.鷺宮東駐輪場,14,13,00011027
35.721827,139.635949,N1-03.鷺宮南駐輪場,9,13,00011028
35.721679,139.645265,N1-04.都立家政南駐輪場,8,13,00000131
35.7266,139.62948,N1-05.大野ハイツ,5,13,00000535
35.713562,139.649075,N1-06.大和区民活動センター,5,13,00000539
35.733292,139.630369,N1-07.プランドール上鷺宮,7,13,00000726
35.729056,139.627864,N1-08.上鷺自転車保管場所,6,13,00000859
35.710285,139.66173,N2-01.NTT野方ビル,5,13,00010973
35.724988,139.672511,N2-02.江古田1丁目A,3,13,00010974
35.712179,139.65603,N2-03.野方1丁目,7,13,00010975
35.713018,139.656768,N2-04.野方2丁目,6,13,00010985
35.717877,139.654732,N2-05.野方3丁目,7,13,00010986
35.72515,139.672614,N2-06.江古田1丁目B,6,13,00000370
35.714292,139.663327,N2-07.新井区民活動センター,5,13,00000538
35.728893,139.670119,N2-08.江古田区民活動センター,4,13,00000633
35.722991,139.673048,N2-09.松山駐車場No.1,6,13,00000767
35.733432,139.671241,N2-10.関根ビル,4,13,00000892
35.708487,139.662135,N3-01.中野四季の森公園,42,13,00010967
35.697024,139.677846,N3-03.青桐公園,4,13,00010961
35.707883,139.683284,N3-04.東中野駅地下駐輪場,6,13,00010962
35.698068,139.682781,N3-05.中野坂上駅地下駐輪場,7,13,00010963
35.70442,139.67141,N3-07.なかのZERO,4,13,00011024
35.707968,139.663519,N3-08.中野区役所(西側),5,13,00000467
35.708259,139.663829,N3-09.中野区役所(北側),5,13,00000468
35.702659,139.662563,N3-10.エーエスホームズⅡ駐車場,7,13,00000469
35.711501,139.672761,N3-11.上高田区民活動センター,5,13,00000537
35.702414,139.667327,N3-12.桃園区民活動センター,3,13,00000541
35.700052,139.673715,N3-13.中部すこやか福祉センター,5,13,00000647
35.713227,139.680966,N3-14.ヴィラソンサ落合,5,13,00000648
35.71046,139.6855,N3-15.ライオンズマンション中野東,4,13,00000716
35.699743,139.664608,N3-16.COURT 5,4,13,00000842
35.70862,139.680679,N3-17.東中野3丁目,10,13,00000893
35.69942,139.673964,N3-18.藤和シティコープ新中野3,6,13,00001169
35.715878000000004,139.673669,N3-19.上高田パーキング,22,13,00001300
35.69693,139.672721,N4-01.本四公園,10,13,00010964
35.686474,139.671383,N4-02.栄町公園,11,13,00010965
35.68359,139.670866,N4-03.みなみの広場,4,13,00010966
35.690897,139.668345,N4-04.弥生町5丁目,12,13,00011025
35.693815,139.668571,N4-05.セブン-イレブン中野鍋横店,5,13,00001328
35.695819,139.674326,N4-06.ローソン中野本町新橋通り店,4,13,00001374
35.72077,139.6045,O1-01.上瀬戸公園,8,14,00000591
35.72424,139.61431,O1-02.井荻南地下自転車駐車場,14,14,00000592
35.72489,139.62383,O1-03.LUCKY HOUSE,6,14,00000593
35.72758,139.62432,O1-04.井草1-34,15,14,00000888
35.70535,139.61497,O2-01.サカエフラット荻窪,12,14,00000594
35.708265,139.612703,O2-02.シエール荻窪,30,14,00000843
35.69575,139.62065,O3-01.西田公園,8,14,00000595
35.71355,139.6199,O3-02.アートメゾン荻窪,8,14,00000596
35.71013,139.61194,O3-03.桃井1丁目5番地,8,14,00000597
35.712,139.62816,O3-04.アヴァンセ阿佐ヶ谷,2,14,00000698
35.70389,139.6185,O3-05.Nちゃりパーク,23,14,00000722
35.714616,139.625116,O3-06.アミーズ荻窪,4,14,00000728
35.714044,139.61688,O3-07.NTT井草ビル第1ポート,3,14,00000736
35.714077,139.61694,O3-08.NTT井草ビル第２ポート,3,14,00000737
35.714151,139.61693,O3-09.NTT井草ビル第3ポート,7,14,00000738
35.716265,139.618954,O3-10.メゾンパークス,8,14,00000739
35.707877,139.618926,O3-11.ハイリビング関根,8,14,00000761
35.70328,139.62981,O4-01.阿佐ヶ谷南公園,3,14,00000498
35.69638,139.63482,O4-02.成宗さくら公園,12,14,00000598
35.707035,139.633066,O4-03.ザ・ハウス,12,14,00000769
35.704147,139.631955,O4-04.阿佐谷南3-43,17,14,00000768
35.700703,139.639985,O4-05.阿佐ヶ谷南1-30,3,14,00000873
35.699328,139.636343,O4-06.杉並区役所本庁舎,5,14,00001387
35.71038,139.64519,O5-01.朝霞ハイツ,12,14,00000599
35.705686,139.642587,O5-02.馬橋ハイツ,6,14,00000727
35.697265,139.649397,O5-03.新高円寺地下自転車駐輪場,15,14,00000729
35.70104,139.65839,O5-04.リヴィエール,20,14,00000770
35.701454,139.650518,O5-05.モンテ・ベルテ,2,14,00000871
35.70273,139.65864,O5-06.EXAM高円寺南,5,14,00000872
35.698169,139.655665,O5-07.バーンホーフ キクチ,10,14,00001375
35.67912,139.61074,O6-01.高井戸みどり公園,9,14,00000601
35.68296,139.60861,O6-02.富士見ヶ丘南自転車駐車場,10,14,00000602
35.68073,139.62803,O6-03.みなみ荘,10,14,00000603
35.67834,139.62711,O6-04.柏の宮公園,9,14,00000604
35.687531,139.60439,O6-05.コージーコート久我山,5,14,00000662
35.67753,139.63667,O7-01.西永福公園,5,14,00000605
35.67121,139.64145,O7-02.永福中央公園,16,14,00000606
35.67156,139.64609,O7-03.永福町西幸モータープール東,11,14,00000607
35.67161,139.64527,O7-04.永福町西幸モータープール西,8,14,00000608
35.680849,139.65626,O7-05.ジーベック方南町,4,14,00000666
35.686015,139.642784,O7-06.松木1丁目,13,14,00000858
35.678913,139.639944,O7-07.ハレ永福,21,14,00001110
35.728846,139.718577,P1-01.サンシャインシティ,8,16,00001229
35.721738,139.723103,P1-02.雑司ヶ谷一丁目,8,16,00001230
35.759164,139.629466,T1-01.光が丘駅前広場,13,9,00010358
35.755106,139.621675,T1-02.ホテルカデンツァ東京,12,9,00010359
35.760585,139.626284,T1-03.四季の香公園,5,9,00010360
35.75731,139.624922,T1-04.春の風公園,3,9,00010361
35.753964,139.629116,T1-05.夏の雲公園,5,9,00010362
35.762326,139.635226,T1-06.秋の陽公園,5,9,00010363
35.765913,139.619285,T1-07.土支田一丁目（笹目通り）,10,9,00010436
35.756506,139.620347,T1-08.セブン-イレブン 練馬高松6丁目店,5,9,00010456
35.765704,139.625178,T1-09.ローソン練馬旭町一丁目店,5,9,00010469
35.758366,139.628982,T1-10.月見大橋下,5,9,00010470
35.768528,139.639807,T1-11.むつみ台,3,9,00010473
35.756873,139.616612,T1-12.ファミリーマート 高松六丁目店,7,9,00010603
35.761613,139.61349,T1-13.ファミリーマート 練馬土支田二丁目店,14,9,00010694
35.761038,139.623148,T1-14.ファミリーマート 練馬高松五丁目北店,4,9,00010328
35.765144,139.636606,T1-15.つのの山緑地,4,9,00001478
35.767582,139.636304,T1-16.ゆりの木通り南公園,4,9,00001479
35.749918,139.58618,T2-01.大泉学園駅北口,5,9,00010364
35.752383,139.594855,T2-03.リヴィンオズ大泉店,8,9,00010366
35.743354,139.606592,T2-04.石神井公園駅南口,13,9,00010367
35.736076,139.599676,T2-05.石神井図書館,4,9,00010368
35.748957,139.621385,T2-06.総合体育館,3,9,00010369
35.763741,139.588847,T2-09.こぐれの森緑地,10,9,00010372
35.748153,139.58765,T2-10.勤労福祉会館,5,9,00010373
35.739471,139.595578,T2-11.石神井松の風文化公園,3,9,00010374
35.750414,139.600011,T2-13.セブン-イレブン 練馬石神井町8丁目店,4,9,00010435
35.747807,139.593599,T2-14.NPC24H東大泉第6パーキング,6,9,00010439
35.748611,139.584251,T2-15.NPC24H大泉学園南口パーキング,10,9,00010440
35.74755,139.597968,T2-17.ファミリーマート 練馬石神井町八丁目店,4,9,00010454
35.745505,139.580878,T2-18.ファミリーマート練馬西税務署前店,5,9,00010459
35.741769,139.591103,T2-20.パークサイド石神井,4,9,00010474
35.768448,139.601679,T2-21.ファミリーマート 練馬大泉町一丁目店,4,9,00010479
35.731909,139.579685,T2-22.ファミリーマート 石神井台7丁目店,5,9,00010487
35.750185,139.579216,T2-23.セブン-イレブン 練馬南大泉5丁目店,6,9,00010494
35.754586,139.606409,T2-24.セブン-イレブン 練馬インター店,9,9,00010495
35.746045,139.620087,T2-25.ファミリーマート 高野台二丁目店,5,9,00010499
35.767388,139.587625,T2-26.ファミリーマート 大泉学園町四丁目店,5,9,00010500
35.773841,139.591456,T2-27.ファミリーマート 大泉長久保通り店,5,9,00010501
35.752217,139.571095,T2-28.ファミリーマート 南大泉六丁目店,5,9,00010522
35.750804,139.58243,T2-30.ファミリーマート 練馬東大泉四丁目店,4,9,00010593
35.739488,139.590273,T2-31.ファミリーマート 石神井台二丁目店,4,9,00010594
35.750761,139.594457,T2-32.セブン-イレブン 練馬東大泉NTTビル店,8,9,00010431
35.74642,139.581204,T2-33.ウインドヒルズ189,6,9,00010441
35.73969,139.62125,T2-34.ファミリーマート 練馬富士見台店,6,9,00010695
35.738607,139.585331,T2-35.ファミリーマート 石神井台六丁目店,3,9,00010696
35.75195,139.616028,T2-36.サントピア テニスパーク,10,9,00010781
35.729615,139.59532,T2-37.上石神井2丁目,8,9,00010913
35.727195,139.590179,T2-38.ファミリーマート 練馬上石神井四丁目店,9,9,00000190
35.758929,139.597548,T2-39.ローソン 練馬大泉町五丁目店,8,9,00000217
35.726855,139.577277,T2-40.ローソン 練馬関町北二丁目店,5,9,00000216
35.74248,139.58715,T2-41.ローソン 練馬東大泉五丁目店,4,9,00000411
35.74553,139.608939,T2-42.石神井公園駅北第二自転車駐車場,5,9,00000679
35.7547,139.5871,T2-43.学園通り自転車駐車場,8,9,00000680
35.75372,139.584332,T2-44.中島橋自転車駐車場,7,9,00000681
35.771068,139.586798,T2-45.風致地区バス停第三自転車駐車場,7,9,00000682
35.766491,139.587232,T2-46.大泉郵便局バス停自転車駐車場,9,9,00000683
35.726523,139.5905,T2-47.上石神井駅北第二自転車駐車場,10,9,00000684
35.726064,139.578015,T2-48.武蔵関駅南第二自転車駐車場,4,9,00000685
35.719674,139.593696,T2-49.善福寺公園テニスクラブ,9,9,00000932
35.72305,139.579555,T2-50.North Ridge 吉祥寺,9,9,00001047
35.743772,139.603317,T2-51.練馬区役所石神井庁舎,10,9,00001063
35.762395,139.641522,T2-52.田柄中央児童公園,5,9,00001129
35.772863,139.626969,T2-53.上練馬公園,4,9,00001130
35.760939,139.609264,T2-54.土支田農業公園,9,9,00001131
35.767296,139.602321,T2-55.大泉町もみじやま公園,3,9,00001132
35.77228,139.58325,T2-56.大泉公園（第一）,4,9,00001133
35.771708,139.583551,T2-57.大泉公園（第二）,6,9,00001134
35.716776,139.577975,T2-58.立野公園,5,9,00001135
35.722917,139.587864,T2-59.平成公園,3,9,00001136
35.724747,139.565817,T2-60.武蔵関公園（第一）,9,9,00001137
35.727826,139.570056,T2-61.武蔵関公園（第二）,4,9,00001138
35.746681,139.57754,T2-62.大泉井頭公園,10,9,00001139
35.751471,139.599835,T2-63.三原台公園,7,9,00001140
35.746768,139.613885,T2-64.高野台中央公園,3,9,00001141
35.734805,139.599906,T2-65.さくらの辻公園,5,9,00001334
35.778605,139.588883,T2-66.大泉学園町希望ヶ丘公園,4,9,00001351
35.761211,139.603316,T2-67.陽和病院,7,9,00001427
35.731372,139.619164,T2-68.さくら原っぱ緑地,5,9,00001498
35.76525,139.575978,T2-69.久保新田さくら公園,4,9,00001499
35.751438,139.641265,T3-01.練馬春日町駅自転車駐車場,7,9,00000686
35.756846,139.652154,T3-02.早宮第二自転車駐車場,11,9,00000687
35.740378,139.667502,T3-03.新桜台駅自転車駐車場,7,9,00000688
35.759827,139.659121,T3-04.サンパレス平和台,12,9,00000844
35.767129,139.664365,T3-05.東武練馬駅南,10,9,00001064
35.726728,139.65874,T3-07.徳殿公園,4,9,00001096
35.728268,139.649188,T3-08.中新井川児童遊園,7,9,00001097
35.730428,139.648704,T3-09.学田公園,5,9,00001098
35.736378,139.632485,T3-10.貫井一丁目緑地,3,9,00001099
35.740321,139.631256,T3-11.ガラクタ公園,3,9,00001100
35.748092,139.636587,T3-12.春日町西公園,4,9,00001126
35.757298,139.664139,T3-13.平和台児童公園,4,9,00001127
35.759774,139.654529,T3-14.わらべ児童遊園,4,9,00001128
35.768105,139.646049,T3-15.セブン-イレブン練馬北町8丁目店,6,9,00001170
35.735428,139.652379,T3-16.練馬区役所東庁舎(第一),10,9,00001332
35.735585,139.652544,T3-17.練馬区役所東庁舎(第二),4,9,00001333
35.738585,139.653396,T3-18.練馬駅北,19,9,00001337
35.749388,139.651824,T3-19.なかみや児童遊園,5,9,00001349
35.75312,139.65661,T3-20.はやいち公園,4,9,00001350
35.747038,139.667965,T3-21.くまのやま緑地,5,9,00001357
35.750547,139.66707,T3-22.氷川台三丁目ちびっこ公園,3,9,00001358
35.756575,139.669689,T3-23.氷川台二丁目緑地,4,9,00001359
35.743962,139.670315,T3-24.AZEST新桜台,7,9,00001356
35.767627,139.65243,T3-25.北町みのり公園,4,9,00001480
35.73701,139.627244,T3-26.富士見ランド公園,8,9,00001567
35.738427,139.632251,T3-27.貫井川緑地,4,9,00001568
35.755137,139.661208,T3-28.ほしぞら緑地,3,9,00001569
35.755773,139.661913,T3-29.平和台もものき緑地,3,9,00001570
35.765979,139.64931,T3-30.北西大松公園,4,9,00001571
35.528801,139.694661,Z01.NTTドコモ川崎ビル,8,11,00010658
35.513644,139.712594,Z02.NTT渡田ビル,11,11,00010659
35.523754,139.746356,Z03.ローソン川崎塩浜三丁目店,4,11,00010660
35.527562,139.737102,Z04.ローソン川崎四谷上町店,8,11,00010661
35.513548,139.697176,Z05.ローソン川崎小田二丁目店,6,11,00010662
35.537434,139.744509,Z06.ローソン川崎殿町店,13,11,00010663
35.519137,139.705791,Z07.ローソン川崎渡田三丁目店,4,11,00010677
35.526238,139.72907,Z08.ファミリーマート観音二丁目店,5,11,00010678
35.529781,139.727511,Z09.ファミリーマート川崎川中島二丁目店,6,11,00010679
35.506142,139.701005,Z10.ローソン川崎浅田三丁目店,16,11,00010699
35.528868,139.737762,Z11.ファミリーマートＭＧ川崎昭和店,5,11,00010715
35.533627,139.700527,Z12.京急川崎西口駐輪場B,21,11,00010751
35.528361,139.696499,Z13.京急川崎日進町駐輪場,11,11,00010752
35.537163,139.729625,Z14.ファミリーマート川崎中瀬店,9,11,00010760
35.52928,139.722762,Z15.ファミリーマート藤崎一丁目店,7,11,00010761
35.515344,139.722229,Z16.ファミリーマート川崎浜町四丁目店,8,11,00010762
35.529519,139.704845,Z17.NTT川崎ビル,9,11,00010774
35.540589,139.752918,Z20.川崎キングスカイフロント 東急 REI ホテル,10,11,00010858
35.514643,139.706285,Z21.コーナン川崎小田栄店,5,11,00000205
35.532615,139.700332,Z22.みんちゅう京急川崎駅前駐輪場内ラックスペース,3,11,00000928
35.524976,139.697495,Z23.NA川崎南町,5,11,00001583
